ID, DATE, LATITUDE, LONGITUDE, ADTITUDE [m], TEMPERATURE [*C], HUMIDITY [%], PRESSURE [hPa], MQ7 [ppm], MQ7 DETECT, PM 1.0 [ug/m^3], PM 2.5 [ug/m^3], PM 10 [ug/m^3]
1 ,Sun Nov 01 2020 16:43:35 GMT+0100 (GMT+01:00) ,0.00202 ,0.00102 ,2 ,0 ,2 ,9.95 ,187 ,1 ,2 ,2 ,2
2 ,Sun Nov 01 2020 16:43:37 GMT+0100 (GMT+01:00) ,0.00202 ,0.00102 ,2 ,0 ,2 ,9.95 ,186 ,1 ,2 ,2 ,2
3 ,Sun Nov 01 2020 16:43:39 GMT+0100 (GMT+01:00) ,0.00202 ,0.00102 ,2 ,0 ,2 ,9.95 ,189 ,1 ,2 ,2 ,2
4 ,Sun Nov 01 2020 16:43:40 GMT+0100 (GMT+01:00) ,0.00202 ,0.00102 ,2 ,0 ,2 ,9.95 ,189 ,1 ,2 ,2 ,2
5 ,Sun Nov 01 2020 16:43:42 GMT+0100 (GMT+01:00) ,0.00202 ,0.00102 ,2 ,0 ,2 ,9.95 ,187 ,1 ,2 ,2 ,2
6 ,Sun Nov 01 2020 16:43:44 GMT+0100 (GMT+01:00) ,0.00202 ,0.00102 ,2 ,0 ,2 ,9.95 ,188 ,1 ,2 ,2 ,2
7 ,Sun Nov 01 2020 16:43:53 GMT+0100 (GMT+01:00) ,0.00202 ,0.00102 ,2 ,0 ,2 ,9.95 ,184 ,1 ,2 ,2 ,2
8 ,Sun Nov 01 2020 16:43:55 GMT+0100 (GMT+01:00) ,0.00202 ,0.00102 ,2 ,0 ,2 ,9.95 ,185 ,1 ,2 ,2 ,2
9 ,Sun Nov 01 2020 16:43:57 GMT+0100 (GMT+01:00) ,0.00202 ,0.00102 ,2 ,0 ,2 ,9.95 ,181 ,1 ,6 ,7 ,7
10 ,Sun Nov 01 2020 16:43:59 GMT+0100 (GMT+01:00) ,0.00202 ,0.00102 ,2 ,0 ,2 ,9.95 ,183 ,1 ,6 ,7 ,7
11 ,Sun Nov 01 2020 16:44:01 GMT+0100 (GMT+01:00) ,0.00202 ,0.00102 ,2 ,0 ,2 ,9.95 ,182 ,1 ,6 ,7 ,7
12 ,Sun Nov 01 2020 16:44:02 GMT+0100 (GMT+01:00) ,0.00202 ,0.00102 ,2 ,0 ,2 ,9.95 ,182 ,1 ,6 ,7 ,7
13 ,Sun Nov 01 2020 16:44:04 GMT+0100 (GMT+01:00) ,0.00202 ,0.00102 ,2 ,0 ,2 ,9.95 ,184 ,1 ,6 ,7 ,7
14 ,Sun Nov 01 2020 16:44:06 GMT+0100 (GMT+01:00) ,0.00202 ,0.00102 ,2 ,0 ,2 ,9.95 ,180 ,1 ,6 ,7 ,7
15 ,Sun Nov 01 2020 16:44:16 GMT+0100 (GMT+01:00) ,0.00202 ,0.00102 ,2 ,0 ,2 ,9.95 ,180 ,1 ,6 ,7 ,7
16 ,Sun Nov 01 2020 16:44:18 GMT+0100 (GMT+01:00) ,0.00202 ,0.00102 ,2 ,0 ,2 ,9.95 ,179 ,1 ,6 ,7 ,7
17 ,Sun Nov 01 2020 16:44:20 GMT+0100 (GMT+01:00) ,0.00202 ,0.00102 ,2 ,0 ,2 ,9.95 ,179 ,1 ,6 ,7 ,7
18 ,Sun Nov 01 2020 16:44:21 GMT+0100 (GMT+01:00) ,0.00202 ,0.00102 ,2 ,0 ,2 ,9.95 ,179 ,1 ,6 ,7 ,7
19 ,Sun Nov 01 2020 16:44:23 GMT+0100 (GMT+01:00) ,0.00202 ,0.00102 ,2 ,0 ,2 ,9.95 ,181 ,1 ,6 ,7 ,7
20 ,Sun Nov 01 2020 16:44:25 GMT+0100 (GMT+01:00) ,0.00202 ,0.00102 ,2 ,0 ,2 ,9.95 ,178 ,1 ,6 ,7 ,7
21 ,Sun Nov 01 2020 16:44:27 GMT+0100 (GMT+01:00) ,0.00202 ,0.00102 ,2 ,0 ,2 ,9.95 ,178 ,1 ,6 ,7 ,7
22 ,Sun Nov 01 2020 16:44:28 GMT+0100 (GMT+01:00) ,0.00202 ,0.00102 ,2 ,0 ,2 ,9.95 ,178 ,1 ,6 ,7 ,7
23 ,Sun Nov 01 2020 16:44:29 GMT+0100 (GMT+01:00) ,0.00202 ,0.00102 ,2 ,0 ,2 ,9.95 ,177 ,1 ,6 ,7 ,7
24 ,Sun Nov 01 2020 16:44:30 GMT+0100 (GMT+01:00) ,0.00202 ,0.00102 ,2 ,0 ,2 ,9.95 ,177 ,1 ,6 ,7 ,7
25 ,Sun Nov 01 2020 16:44:40 GMT+0100 (GMT+01:00) ,0.00202 ,0.00102 ,2 ,0 ,2 ,9.95 ,177 ,1 ,6 ,7 ,7
26 ,Sun Nov 01 2020 16:44:42 GMT+0100 (GMT+01:00) ,0.00202 ,0.00102 ,2 ,0 ,2 ,9.95 ,177 ,1 ,6 ,7 ,7
27 ,Sun Nov 01 2020 16:44:44 GMT+0100 (GMT+01:00) ,0.00202 ,0.00102 ,2 ,0 ,2 ,9.95 ,179 ,1 ,6 ,7 ,7
28 ,Sun Nov 01 2020 16:44:46 GMT+0100 (GMT+01:00) ,0.00202 ,0.00102 ,2 ,0 ,2 ,9.95 ,179 ,1 ,6 ,7 ,7
29 ,Sun Nov 01 2020 16:44:48 GMT+0100 (GMT+01:00) ,0.00202 ,0.00102 ,2 ,0 ,2 ,9.95 ,175 ,1 ,6 ,7 ,7
30 ,Sun Nov 01 2020 16:44:49 GMT+0100 (GMT+01:00) ,0.00202 ,0.00102 ,2 ,0 ,2 ,9.95 ,175 ,1 ,6 ,7 ,7
31 ,Sun Nov 01 2020 16:44:51 GMT+0100 (GMT+01:00) ,0.00202 ,0.00102 ,2 ,0 ,2 ,9.95 ,177 ,1 ,6 ,7 ,7
32 ,Sun Nov 01 2020 16:44:53 GMT+0100 (GMT+01:00) ,0.00202 ,0.00102 ,2 ,0 ,2 ,9.95 ,179 ,1 ,6 ,7 ,7
33 ,Sun Nov 01 2020 16:44:55 GMT+0100 (GMT+01:00) ,0.00202 ,0.00102 ,2 ,0 ,2 ,9.95 ,178 ,1 ,6 ,7 ,7
34 ,Sun Nov 01 2020 16:45:04 GMT+0100 (GMT+01:00) ,0.00202 ,0.00102 ,2 ,0 ,2 ,9.95 ,179 ,1 ,6 ,7 ,7
35 ,Sun Nov 01 2020 16:45:06 GMT+0100 (GMT+01:00) ,0.00202 ,0.00102 ,2 ,0 ,2 ,9.95 ,177 ,1 ,6 ,7 ,7
36 ,Sun Nov 01 2020 16:45:08 GMT+0100 (GMT+01:00) ,0.00202 ,0.00102 ,2 ,0 ,2 ,9.95 ,178 ,1 ,6 ,7 ,7
37 ,Sun Nov 01 2020 16:45:11 GMT+0100 (GMT+01:00) ,0.00202 ,0.00102 ,2 ,0 ,2 ,9.95 ,180 ,1 ,6 ,7 ,7
38 ,Sun Nov 01 2020 16:45:13 GMT+0100 (GMT+01:00) ,0.00202 ,0.00102 ,2 ,0 ,2 ,9.95 ,179 ,1 ,6 ,7 ,7
39 ,Sun Nov 01 2020 16:45:15 GMT+0100 (GMT+01:00) ,0.00202 ,0.00102 ,2 ,0 ,2 ,9.95 ,177 ,1 ,6 ,7 ,7
40 ,Sun Nov 01 2020 16:45:17 GMT+0100 (GMT+01:00) ,0.00202 ,0.00102 ,2 ,0 ,2 ,9.95 ,178 ,1 ,6 ,7 ,7
41 ,Sun Nov 01 2020 16:45:19 GMT+0100 (GMT+01:00) ,0.00202 ,0.00102 ,2 ,0 ,2 ,9.95 ,179 ,1 ,6 ,7 ,7
42 ,Sun Nov 01 2020 16:45:28 GMT+0100 (GMT+01:00) ,0.00202 ,0.00102 ,2 ,0 ,2 ,9.95 ,178 ,1 ,6 ,7 ,7
43 ,Sun Nov 01 2020 16:45:30 GMT+0100 (GMT+01:00) ,0.00202 ,0.00102 ,2 ,0 ,2 ,9.95 ,178 ,1 ,6 ,7 ,7
44 ,Sun Nov 01 2020 16:45:33 GMT+0100 (GMT+01:00) ,0.00202 ,0.00102 ,2 ,0 ,2 ,9.95 ,178 ,1 ,6 ,7 ,7
45 ,Sun Nov 01 2020 16:45:35 GMT+0100 (GMT+01:00) ,0.00202 ,0.00102 ,2 ,0 ,2 ,9.95 ,176 ,1 ,6 ,7 ,7
46 ,Sun Nov 01 2020 16:45:37 GMT+0100 (GMT+01:00) ,0.00202 ,0.00102 ,2 ,0 ,2 ,9.95 ,178 ,1 ,6 ,7 ,7
47 ,Sun Nov 01 2020 16:46:40 GMT+0100 (GMT+01:00) ,0.00202 ,0.00102 ,2 ,0 ,2 ,9.95 ,167 ,1 ,6 ,7 ,7
48 ,Sun Nov 01 2020 16:46:42 GMT+0100 (GMT+01:00) ,0.00202 ,0.00102 ,2 ,0 ,2 ,9.95 ,171 ,1 ,6 ,7 ,7
49 ,Sun Nov 01 2020 16:46:44 GMT+0100 (GMT+01:00) ,0.00202 ,0.00102 ,2 ,0 ,2 ,9.95 ,172 ,1 ,6 ,7 ,7
50 ,Sun Nov 01 2020 16:46:46 GMT+0100 (GMT+01:00) ,0.00202 ,0.00102 ,2 ,0 ,2 ,9.95 ,175 ,1 ,6 ,7 ,7
51 ,Sun Nov 01 2020 16:46:49 GMT+0100 (GMT+01:00) ,0.00202 ,0.00102 ,2 ,0 ,2 ,9.95 ,176 ,1 ,6 ,7 ,7
52 ,Sun Nov 01 2020 16:46:51 GMT+0100 (GMT+01:00) ,0.00202 ,0.00102 ,2 ,0 ,2 ,9.95 ,177 ,1 ,6 ,7 ,7
53 ,Sun Nov 01 2020 16:46:53 GMT+0100 (GMT+01:00) ,0.00202 ,0.00102 ,2 ,0 ,2 ,9.95 ,176 ,1 ,6 ,7 ,7
54 ,Sun Nov 01 2020 16:46:55 GMT+0100 (GMT+01:00) ,0.00202 ,0.00102 ,2 ,0 ,2 ,9.95 ,176 ,1 ,6 ,7 ,7
55 ,Sun Nov 01 2020 16:46:57 GMT+0100 (GMT+01:00) ,0.00202 ,0.00102 ,2 ,0 ,2 ,9.95 ,178 ,1 ,6 ,7 ,7
56 ,Sun Nov 01 2020 16:46:58 GMT+0100 (GMT+01:00) ,0.00202 ,0.00102 ,2 ,0 ,2 ,9.95 ,178 ,1 ,6 ,7 ,7
57 ,Sun Nov 01 2020 16:47:30 GMT+0100 (GMT+01:00) ,0.00202 ,0.00102 ,2 ,22.9 ,52.1 ,9.95 ,179 ,1 ,12 ,16 ,16
58 ,Sun Nov 01 2020 16:47:32 GMT+0100 (GMT+01:00) ,0.00202 ,0.00102 ,2 ,22.9 ,52 ,9.95 ,180 ,1 ,12 ,16 ,16
59 ,Sun Nov 01 2020 16:47:33 GMT+0100 (GMT+01:00) ,0.00202 ,0.00102 ,2 ,22.9 ,52 ,9.95 ,180 ,1 ,12 ,16 ,16
60 ,Sun Nov 01 2020 16:47:35 GMT+0100 (GMT+01:00) ,0.00202 ,0.00102 ,2 ,22.9 ,52 ,9.95 ,179 ,1 ,12 ,16 ,16
61 ,Sun Nov 01 2020 16:47:43 GMT+0100 (GMT+01:00) ,0.00202 ,0.00102 ,2 ,22.9 ,52 ,9.95 ,177 ,1 ,12 ,16 ,16
62 ,Sun Nov 01 2020 16:47:44 GMT+0100 (GMT+01:00) ,0.00202 ,0.00102 ,2 ,22.9 ,52 ,9.95 ,177 ,1 ,12 ,16 ,16
63 ,Sun Nov 01 2020 16:47:46 GMT+0100 (GMT+01:00) ,0.00202 ,0.00102 ,2 ,22.8 ,51.9 ,9.95 ,178 ,1 ,12 ,16 ,16
64 ,Sun Nov 01 2020 16:47:48 GMT+0100 (GMT+01:00) ,0.00202 ,0.00102 ,2 ,22.8 ,51.9 ,9.95 ,176 ,1 ,12 ,16 ,16
65 ,Sun Nov 01 2020 16:47:50 GMT+0100 (GMT+01:00) ,0.00202 ,0.00102 ,2 ,22.8 ,52 ,9.95 ,175 ,1 ,12 ,16 ,16
66 ,Sun Nov 01 2020 16:47:59 GMT+0100 (GMT+01:00) ,0.00202 ,0.00102 ,2 ,22.8 ,51.9 ,9.95 ,174 ,1 ,12 ,15 ,15
67 ,Sun Nov 01 2020 16:48:01 GMT+0100 (GMT+01:00) ,0.00202 ,0.00102 ,2 ,22.8 ,51.9 ,9.95 ,174 ,1 ,12 ,15 ,15
68 ,Sun Nov 01 2020 16:48:10 GMT+0100 (GMT+01:00) ,0.00202 ,0.00102 ,2 ,22.8 ,52.5 ,9.95 ,173 ,1 ,12 ,15 ,15
69 ,Sun Nov 01 2020 16:48:12 GMT+0100 (GMT+01:00) ,0.00202 ,0.00102 ,2 ,22.8 ,51.9 ,9.95 ,175 ,1 ,12 ,15 ,15
70 ,Sun Nov 01 2020 16:48:14 GMT+0100 (GMT+01:00) ,0.00202 ,0.00102 ,2 ,22.8 ,52 ,9.95 ,173 ,1 ,12 ,15 ,15
71 ,Sun Nov 01 2020 16:48:23 GMT+0100 (GMT+01:00) ,0.00202 ,0.00102 ,2 ,22.8 ,51.9 ,9.95 ,171 ,1 ,12 ,15 ,15
72 ,Sun Nov 01 2020 16:48:26 GMT+0100 (GMT+01:00) ,0.00202 ,0.00102 ,2 ,0 ,0 ,9.95 ,173 ,1 ,12 ,15 ,15
73 ,Sun Nov 01 2020 16:48:28 GMT+0100 (GMT+01:00) ,0.00202 ,0.00102 ,2 ,22.8 ,52.3 ,9.95 ,171 ,1 ,12 ,15 ,15
74 ,Sun Nov 01 2020 16:48:30 GMT+0100 (GMT+01:00) ,0.00202 ,0.00102 ,2 ,22.8 ,51.9 ,9.95 ,173 ,1 ,12 ,15 ,15
75 ,Sun Nov 01 2020 16:48:39 GMT+0100 (GMT+01:00) ,0.00202 ,0.00102 ,2 ,0 ,0 ,9.95 ,171 ,1 ,12 ,15 ,15
76 ,Sun Nov 01 2020 16:48:42 GMT+0100 (GMT+01:00) ,0.00202 ,0.00102 ,2 ,0 ,0 ,9.95 ,172 ,1 ,12 ,15 ,15
77 ,Sun Nov 01 2020 16:48:53 GMT+0100 (GMT+01:00) ,0.00202 ,0.00102 ,2 ,22.8 ,51.3 ,9.95 ,171 ,1 ,12 ,15 ,15
78 ,Sun Nov 01 2020 16:48:55 GMT+0100 (GMT+01:00) ,0.00202 ,0.00102 ,2 ,0 ,0 ,9.95 ,171 ,1 ,12 ,15 ,15
79 ,Sun Nov 01 2020 16:48:57 GMT+0100 (GMT+01:00) ,0.00202 ,0.00102 ,2 ,22.8 ,51.9 ,9.95 ,170 ,1 ,12 ,15 ,15
80 ,Sun Nov 01 2020 16:48:59 GMT+0100 (GMT+01:00) ,0.00202 ,0.00102 ,2 ,0 ,0 ,9.95 ,171 ,1 ,12 ,15 ,15
81 ,Sun Nov 01 2020 16:49:08 GMT+0100 (GMT+01:00) ,0.00202 ,0.00102 ,2 ,22.8 ,51.9 ,9.95 ,171 ,1 ,12 ,15 ,15
82 ,Sun Nov 01 2020 16:49:10 GMT+0100 (GMT+01:00) ,0.00202 ,0.00102 ,2 ,22.8 ,51.9 ,9.95 ,170 ,1 ,12 ,15 ,15
83 ,Sun Nov 01 2020 16:49:20 GMT+0100 (GMT+01:00) ,0.00202 ,0.00102 ,2 ,22.8 ,51.9 ,9.95 ,170 ,1 ,12 ,15 ,15
84 ,Sun Nov 01 2020 16:49:21 GMT+0100 (GMT+01:00) ,0.00202 ,0.00102 ,2 ,22.8 ,51.9 ,9.95 ,170 ,1 ,12 ,15 ,15
85 ,Sun Nov 01 2020 16:49:23 GMT+0100 (GMT+01:00) ,0.00202 ,0.00102 ,2 ,22.7 ,51.3 ,9.95 ,170 ,1 ,12 ,15 ,15
86 ,Sun Nov 01 2020 16:49:31 GMT+0100 (GMT+01:00) ,0.00202 ,0.00102 ,2 ,22.8 ,52.3 ,9.95 ,171 ,1 ,12 ,15 ,15
87 ,Sun Nov 01 2020 16:49:34 GMT+0100 (GMT+01:00) ,0.00202 ,0.00102 ,2 ,22.8 ,51.9 ,9.95 ,170 ,1 ,12 ,15 ,15
88 ,Sun Nov 01 2020 16:49:36 GMT+0100 (GMT+01:00) ,0.00202 ,0.00102 ,2 ,22.8 ,51.9 ,9.95 ,170 ,1 ,12 ,15 ,15
89 ,Sun Nov 01 2020 16:49:45 GMT+0100 (GMT+01:00) ,0.00202 ,0.00102 ,2 ,0 ,0 ,9.95 ,171 ,1 ,12 ,15 ,15
90 ,Sun Nov 01 2020 16:49:47 GMT+0100 (GMT+01:00) ,0.00202 ,0.00102 ,2 ,22.8 ,51.9 ,9.95 ,170 ,1 ,12 ,15 ,15
91 ,Sun Nov 01 2020 16:49:59 GMT+0100 (GMT+01:00) ,0.00202 ,0.00102 ,2 ,22.8 ,51.9 ,9.95 ,172 ,1 ,12 ,15 ,15
92 ,Sun Nov 01 2020 16:50:01 GMT+0100 (GMT+01:00) ,0.00202 ,0.00102 ,2 ,22.8 ,51.9 ,9.95 ,171 ,1 ,12 ,15 ,15
93 ,Sun Nov 01 2020 16:50:02 GMT+0100 (GMT+01:00) ,0.00202 ,0.00102 ,2 ,22.8 ,51.9 ,9.95 ,171 ,1 ,12 ,15 ,15
94 ,Sun Nov 01 2020 16:50:03 GMT+0100 (GMT+01:00) ,0.00202 ,0.00102 ,2 ,22.7 ,51.9 ,9.95 ,170 ,1 ,12 ,15 ,15
95 ,Sun Nov 01 2020 16:50:13 GMT+0100 (GMT+01:00) ,0.00202 ,0.00102 ,2 ,22.8 ,51.9 ,9.95 ,171 ,1 ,12 ,15 ,15
96 ,Sun Nov 01 2020 16:50:16 GMT+0100 (GMT+01:00) ,0.00202 ,0.00102 ,2 ,22.8 ,51.9 ,9.95 ,170 ,1 ,12 ,15 ,15
97 ,Sun Nov 01 2020 16:50:24 GMT+0100 (GMT+01:00) ,0.00202 ,0.00102 ,2 ,22.8 ,51.8 ,9.95 ,170 ,1 ,12 ,15 ,15
98 ,Sun Nov 01 2020 16:50:27 GMT+0100 (GMT+01:00) ,0.00202 ,0.00102 ,2 ,22.7 ,51.9 ,9.95 ,171 ,1 ,12 ,15 ,15
99 ,Sun Nov 01 2020 16:50:29 GMT+0100 (GMT+01:00) ,0.00202 ,0.00102 ,2 ,22.8 ,51.9 ,9.95 ,171 ,1 ,12 ,15 ,15
100 ,Sun Nov 01 2020 16:50:38 GMT+0100 (GMT+01:00) ,0.00202 ,0.00102 ,2 ,22.8 ,51.9 ,9.95 ,170 ,1 ,12 ,15 ,15
101 ,Sun Nov 01 2020 16:50:40 GMT+0100 (GMT+01:00) ,0.00202 ,0.00102 ,2 ,22.7 ,51.8 ,9.95 ,171 ,1 ,12 ,15 ,15
102 ,Sun Nov 01 2020 16:50:42 GMT+0100 (GMT+01:00) ,0.00202 ,0.00102 ,2 ,22.8 ,51.8 ,9.95 ,170 ,1 ,12 ,15 ,15
103 ,Sun Nov 01 2020 16:50:51 GMT+0100 (GMT+01:00) ,0.00202 ,0.00102 ,2 ,22.8 ,51.8 ,9.95 ,169 ,1 ,12 ,15 ,15
104 ,Sun Nov 01 2020 16:50:53 GMT+0100 (GMT+01:00) ,0.00202 ,0.00102 ,2 ,22.7 ,51.8 ,9.95 ,170 ,1 ,12 ,15 ,15
105 ,Sun Nov 01 2020 16:51:03 GMT+0100 (GMT+01:00) ,0.00202 ,0.00102 ,2 ,22.7 ,51.8 ,9.95 ,170 ,1 ,12 ,15 ,15
106 ,Sun Nov 01 2020 16:51:06 GMT+0100 (GMT+01:00) ,0.00202 ,0.00102 ,2 ,22.8 ,51.9 ,9.95 ,170 ,1 ,12 ,15 ,15
107 ,Sun Nov 01 2020 16:51:16 GMT+0100 (GMT+01:00) ,0.00202 ,0.00102 ,2 ,22.8 ,51.7 ,9.95 ,170 ,1 ,12 ,15 ,15
108 ,Sun Nov 01 2020 16:51:18 GMT+0100 (GMT+01:00) ,0.00202 ,0.00102 ,2 ,22.8 ,51.9 ,9.95 ,170 ,1 ,12 ,15 ,15
109 ,Sun Nov 01 2020 16:51:27 GMT+0100 (GMT+01:00) ,0.00202 ,0.00102 ,2 ,22.8 ,51.9 ,9.95 ,169 ,1 ,12 ,15 ,15
110 ,Sun Nov 01 2020 16:51:29 GMT+0100 (GMT+01:00) ,0.00202 ,0.00102 ,2 ,22.8 ,51.9 ,9.95 ,171 ,1 ,12 ,15 ,15
111 ,Sun Nov 01 2020 16:51:31 GMT+0100 (GMT+01:00) ,0.00202 ,0.00102 ,2 ,22.7 ,51.8 ,9.95 ,171 ,1 ,12 ,15 ,15
112 ,Sun Nov 01 2020 16:51:32 GMT+0100 (GMT+01:00) ,0.00202 ,0.00102 ,2 ,22.7 ,51.8 ,9.95 ,171 ,1 ,12 ,15 ,15
113 ,Sun Nov 01 2020 16:51:39 GMT+0100 (GMT+01:00) ,0.00202 ,0.00102 ,2 ,22.8 ,51.9 ,9.95 ,170 ,1 ,12 ,15 ,15
114 ,Sun Nov 01 2020 16:51:41 GMT+0100 (GMT+01:00) ,0.00202 ,0.00102 ,2 ,22.8 ,51.9 ,9.95 ,170 ,1 ,12 ,15 ,15
115 ,Sun Nov 01 2020 16:51:43 GMT+0100 (GMT+01:00) ,0.00202 ,0.00102 ,2 ,22.8 ,51.7 ,9.95 ,171 ,1 ,12 ,15 ,15
116 ,Sun Nov 01 2020 16:51:53 GMT+0100 (GMT+01:00) ,0.00202 ,0.00102 ,2 ,22.7 ,51.8 ,9.95 ,170 ,1 ,12 ,15 ,15
117 ,Sun Nov 01 2020 16:51:56 GMT+0100 (GMT+01:00) ,0.00202 ,0.00102 ,2 ,22.7 ,51.8 ,9.95 ,170 ,1 ,12 ,15 ,15
118 ,Sun Nov 01 2020 16:51:58 GMT+0100 (GMT+01:00) ,0.00202 ,0.00102 ,2 ,22.7 ,51.8 ,9.95 ,169 ,1 ,12 ,15 ,15
119 ,Sun Nov 01 2020 16:52:08 GMT+0100 (GMT+01:00) ,0.00202 ,0.00102 ,2 ,22.7 ,51.8 ,9.95 ,171 ,1 ,12 ,15 ,15
120 ,Sun Nov 01 2020 16:52:10 GMT+0100 (GMT+01:00) ,0.00202 ,0.00102 ,2 ,22.8 ,51.9 ,9.95 ,171 ,1 ,12 ,15 ,15
121 ,Sun Nov 01 2020 16:52:13 GMT+0100 (GMT+01:00) ,0.00202 ,0.00102 ,2 ,22.7 ,51.8 ,9.95 ,170 ,1 ,12 ,15 ,15
122 ,Sun Nov 01 2020 16:52:21 GMT+0100 (GMT+01:00) ,0.00202 ,0.00102 ,2 ,22.7 ,51.8 ,9.95 ,169 ,1 ,12 ,15 ,15
123 ,Sun Nov 01 2020 16:52:23 GMT+0100 (GMT+01:00) ,0.00202 ,0.00102 ,2 ,22.7 ,51.8 ,9.95 ,170 ,1 ,12 ,15 ,15
124 ,Sun Nov 01 2020 16:52:24 GMT+0100 (GMT+01:00) ,0.00202 ,0.00102 ,2 ,22.7 ,51.8 ,9.95 ,170 ,1 ,12 ,15 ,15
125 ,Sun Nov 01 2020 16:52:26 GMT+0100 (GMT+01:00) ,0.00202 ,0.00102 ,2 ,22.8 ,51.9 ,9.95 ,170 ,1 ,12 ,15 ,15
126 ,Sun Nov 01 2020 16:52:36 GMT+0100 (GMT+01:00) ,0.00202 ,0.00102 ,2 ,22.7 ,51.9 ,9.95 ,170 ,1 ,12 ,15 ,15
127 ,Sun Nov 01 2020 16:52:38 GMT+0100 (GMT+01:00) ,0.00202 ,0.00102 ,2 ,22.7 ,51.9 ,9.95 ,171 ,1 ,12 ,15 ,15
128 ,Sun Nov 01 2020 16:52:40 GMT+0100 (GMT+01:00) ,0.00202 ,0.00102 ,2 ,22.8 ,51.9 ,9.95 ,169 ,1 ,12 ,15 ,15
129 ,Sun Nov 01 2020 17:07:57 GMT+0100 (GMT+01:00) ,20.123456 ,10.123456 ,2 ,0 ,2 ,995.67 ,175 ,1 ,9 ,9 ,15
130 ,Sun Nov 01 2020 17:07:59 GMT+0100 (GMT+01:00) ,20.123456 ,10.123456 ,2 ,0 ,2 ,995.67 ,176 ,1 ,9 ,9 ,15
131 ,Sun Nov 01 2020 17:08:01 GMT+0100 (GMT+01:00) ,20.123456 ,10.123456 ,2 ,0 ,2 ,995.7 ,177 ,1 ,9 ,9 ,15
132 ,Sun Nov 01 2020 17:08:04 GMT+0100 (GMT+01:00) ,20.123456 ,10.123456 ,2 ,0 ,2 ,995.68 ,176 ,1 ,9 ,9 ,15
133 ,Sun Nov 01 2020 17:08:19 GMT+0100 (GMT+01:00) ,20.123456 ,10.123456 ,2 ,0 ,2 ,995.64 ,177 ,1 ,11 ,12 ,15
134 ,Sun Nov 01 2020 17:08:20 GMT+0100 (GMT+01:00) ,20.123456 ,10.123456 ,2 ,0 ,2 ,995.64 ,177 ,1 ,11 ,12 ,15
135 ,Sun Nov 01 2020 17:08:22 GMT+0100 (GMT+01:00) ,20.123456 ,10.123456 ,2 ,0 ,2 ,995.66 ,175 ,1 ,11 ,12 ,15
136 ,Sun Nov 01 2020 17:08:24 GMT+0100 (GMT+01:00) ,20.123456 ,10.123456 ,2 ,0 ,2 ,995.66 ,177 ,1 ,11 ,12 ,15
137 ,Sun Nov 01 2020 17:08:26 GMT+0100 (GMT+01:00) ,20.123456 ,10.123456 ,2 ,0 ,2 ,995.64 ,178 ,1 ,11 ,12 ,15
138 ,Sun Nov 01 2020 17:08:28 GMT+0100 (GMT+01:00) ,20.123456 ,10.123456 ,2 ,0 ,2 ,995.69 ,176 ,1 ,11 ,12 ,15
139 ,Sun Nov 01 2020 17:08:29 GMT+0100 (GMT+01:00) ,20.123456 ,10.123456 ,2 ,0 ,2 ,995.69 ,176 ,1 ,11 ,12 ,15
140 ,Sun Nov 01 2020 17:08:39 GMT+0100 (GMT+01:00) ,20.123456 ,10.123456 ,2 ,0 ,2 ,995.68 ,177 ,1 ,11 ,12 ,15
141 ,Sun Nov 01 2020 17:08:42 GMT+0100 (GMT+01:00) ,20.123456 ,10.123456 ,2 ,0 ,2 ,995.67 ,175 ,1 ,11 ,12 ,15
142 ,Sun Nov 01 2020 17:08:44 GMT+0100 (GMT+01:00) ,20.123456 ,10.123456 ,2 ,0 ,2 ,995.69 ,178 ,1 ,11 ,12 ,15
143 ,Sun Nov 01 2020 17:08:46 GMT+0100 (GMT+01:00) ,20.123456 ,10.123456 ,2 ,0 ,2 ,995.72 ,176 ,1 ,11 ,12 ,15
144 ,Sun Nov 01 2020 17:09:01 GMT+0100 (GMT+01:00) ,20.123456 ,10.123456 ,2 ,0 ,2 ,995.63 ,176 ,1 ,11 ,12 ,15
145 ,Sun Nov 01 2020 17:09:02 GMT+0100 (GMT+01:00) ,20.123456 ,10.123456 ,2 ,0 ,2 ,995.63 ,176 ,1 ,11 ,12 ,15
146 ,Sun Nov 01 2020 17:09:04 GMT+0100 (GMT+01:00) ,20.123456 ,10.123456 ,2 ,0 ,2 ,995.67 ,177 ,1 ,11 ,12 ,15
147 ,Sun Nov 01 2020 17:09:06 GMT+0100 (GMT+01:00) ,20.123456 ,10.123456 ,2 ,0 ,2 ,995.67 ,176 ,1 ,11 ,12 ,15
148 ,Sun Nov 01 2020 17:09:08 GMT+0100 (GMT+01:00) ,20.123456 ,10.123456 ,2 ,0 ,2 ,995.67 ,176 ,1 ,11 ,12 ,15
149 ,Sun Nov 01 2020 17:09:16 GMT+0100 (GMT+01:00) ,20.123456 ,10.123456 ,2 ,0 ,2 ,995.63 ,177 ,1 ,11 ,12 ,15
150 ,Sun Nov 01 2020 17:09:18 GMT+0100 (GMT+01:00) ,20.123456 ,10.123456 ,2 ,0 ,2 ,995.67 ,176 ,1 ,11 ,12 ,15
151 ,Sun Nov 01 2020 17:09:20 GMT+0100 (GMT+01:00) ,20.123456 ,10.123456 ,2 ,0 ,2 ,995.65 ,177 ,1 ,11 ,12 ,15
152 ,Sun Nov 01 2020 17:09:21 GMT+0100 (GMT+01:00) ,20.123456 ,10.123456 ,2 ,0 ,2 ,995.65 ,177 ,1 ,11 ,12 ,15
153 ,Sun Nov 01 2020 17:09:23 GMT+0100 (GMT+01:00) ,20.123456 ,10.123456 ,2 ,0 ,2 ,995.69 ,178 ,1 ,11 ,12 ,15
154 ,Sun Nov 01 2020 17:09:25 GMT+0100 (GMT+01:00) ,20.123456 ,10.123456 ,2 ,0 ,3 ,995.68 ,176 ,1 ,11 ,12 ,15
155 ,Sun Nov 01 2020 17:09:27 GMT+0100 (GMT+01:00) ,20.123456 ,10.123456 ,2 ,0 ,3 ,995.63 ,177 ,1 ,11 ,12 ,15
156 ,Sun Nov 01 2020 17:09:38 GMT+0100 (GMT+01:00) ,20.123456 ,10.123456 ,2 ,0 ,3 ,995.71 ,177 ,1 ,11 ,12 ,15
157 ,Sun Nov 01 2020 17:09:40 GMT+0100 (GMT+01:00) ,20.123456 ,10.123456 ,2 ,0 ,2 ,995.7 ,177 ,1 ,11 ,12 ,15
158 ,Sun Nov 01 2020 17:09:43 GMT+0100 (GMT+01:00) ,20.123456 ,10.123456 ,2 ,0 ,2 ,995.66 ,177 ,1 ,11 ,12 ,15
159 ,Sun Nov 01 2020 17:09:55 GMT+0100 (GMT+01:00) ,20.123456 ,10.123456 ,2 ,0 ,2 ,995.63 ,177 ,1 ,11 ,12 ,15
160 ,Sun Nov 01 2020 17:09:57 GMT+0100 (GMT+01:00) ,20.123456 ,10.123456 ,2 ,0 ,2 ,995.69 ,176 ,1 ,11 ,12 ,15
161 ,Sun Nov 01 2020 17:09:59 GMT+0100 (GMT+01:00) ,20.123456 ,10.123456 ,2 ,0 ,2 ,995.69 ,177 ,1 ,11 ,12 ,15
162 ,Sun Nov 01 2020 17:10:10 GMT+0100 (GMT+01:00) ,20.123456 ,10.123456 ,2 ,0 ,1 ,995.69 ,178 ,1 ,11 ,12 ,15
163 ,Sun Nov 01 2020 17:10:12 GMT+0100 (GMT+01:00) ,20.123456 ,10.123456 ,2 ,0 ,1 ,995.62 ,178 ,1 ,11 ,12 ,15
164 ,Sun Nov 01 2020 17:10:13 GMT+0100 (GMT+01:00) ,20.123456 ,10.123456 ,2 ,0 ,1 ,995.62 ,178 ,1 ,11 ,12 ,15
165 ,Sun Nov 01 2020 17:10:15 GMT+0100 (GMT+01:00) ,20.123456 ,10.123456 ,2 ,0 ,1 ,995.65 ,176 ,1 ,11 ,12 ,15
166 ,Sun Nov 01 2020 17:10:17 GMT+0100 (GMT+01:00) ,20.123456 ,10.123456 ,2 ,0 ,1 ,995.67 ,177 ,1 ,11 ,12 ,15
167 ,Sun Nov 01 2020 17:10:26 GMT+0100 (GMT+01:00) ,20.123456 ,10.123456 ,2 ,0 ,1 ,995.65 ,178 ,1 ,11 ,12 ,15
168 ,Sun Nov 01 2020 17:10:28 GMT+0100 (GMT+01:00) ,20.123456 ,10.123456 ,2 ,0 ,1 ,995.67 ,176 ,1 ,11 ,12 ,15
169 ,Sun Nov 01 2020 17:10:29 GMT+0100 (GMT+01:00) ,20.123456 ,10.123456 ,2 ,0 ,1 ,995.67 ,176 ,1 ,11 ,12 ,15
170 ,Sun Nov 01 2020 17:10:31 GMT+0100 (GMT+01:00) ,20.123456 ,10.123456 ,2 ,0 ,1 ,995.66 ,177 ,1 ,11 ,12 ,15
171 ,Sun Nov 01 2020 17:10:33 GMT+0100 (GMT+01:00) ,20.123456 ,10.123456 ,2 ,0 ,1 ,995.7 ,177 ,1 ,11 ,12 ,15
172 ,Sun Nov 01 2020 17:10:35 GMT+0100 (GMT+01:00) ,20.123456 ,10.123456 ,2 ,0 ,1 ,995.66 ,179 ,1 ,11 ,12 ,15
173 ,Sun Nov 01 2020 17:10:38 GMT+0100 (GMT+01:00) ,20.123456 ,10.123456 ,2 ,0 ,1 ,995.66 ,177 ,1 ,11 ,12 ,15
174 ,Sun Nov 01 2020 17:10:47 GMT+0100 (GMT+01:00) ,20.123456 ,10.123456 ,2 ,0 ,1 ,995.67 ,177 ,1 ,11 ,12 ,15
175 ,Sun Nov 01 2020 17:10:49 GMT+0100 (GMT+01:00) ,20.123456 ,10.123456 ,2 ,0 ,1 ,995.65 ,177 ,1 ,11 ,12 ,15
176 ,Sun Nov 01 2020 17:10:51 GMT+0100 (GMT+01:00) ,20.123456 ,10.123456 ,2 ,0 ,1 ,995.67 ,177 ,1 ,11 ,12 ,15
177 ,Sun Nov 01 2020 17:11:04 GMT+0100 (GMT+01:00) ,20.123456 ,10.123456 ,2 ,0 ,1 ,995.67 ,177 ,1 ,11 ,12 ,15
178 ,Sun Nov 01 2020 17:11:06 GMT+0100 (GMT+01:00) ,20.123456 ,10.123456 ,2 ,0 ,1 ,995.66 ,176 ,1 ,11 ,12 ,15
179 ,Sun Nov 01 2020 17:11:17 GMT+0100 (GMT+01:00) ,20.123456 ,10.123456 ,2 ,0 ,1 ,995.59 ,177 ,1 ,11 ,12 ,15
180 ,Sun Nov 01 2020 17:11:19 GMT+0100 (GMT+01:00) ,20.123456 ,10.123456 ,2 ,0 ,1 ,995.66 ,179 ,1 ,11 ,12 ,15
181 ,Sun Nov 01 2020 17:11:21 GMT+0100 (GMT+01:00) ,20.123456 ,10.123456 ,2 ,0 ,1 ,995.63 ,179 ,1 ,11 ,12 ,15
182 ,Sun Nov 01 2020 17:11:23 GMT+0100 (GMT+01:00) ,20.123456 ,10.123456 ,2 ,0 ,1 ,995.65 ,178 ,1 ,11 ,12 ,15
183 ,Sun Nov 01 2020 17:11:24 GMT+0100 (GMT+01:00) ,20.123456 ,10.123456 ,2 ,0 ,1 ,995.65 ,178 ,1 ,11 ,12 ,15
184 ,Sun Nov 01 2020 17:11:33 GMT+0100 (GMT+01:00) ,20.123456 ,10.123456 ,2 ,0 ,1 ,995.66 ,178 ,1 ,11 ,12 ,15
185 ,Sun Nov 01 2020 17:11:35 GMT+0100 (GMT+01:00) ,20.123456 ,10.123456 ,2 ,0 ,1 ,995.66 ,178 ,1 ,11 ,12 ,15
186 ,Sun Nov 01 2020 17:11:37 GMT+0100 (GMT+01:00) ,20.123456 ,10.123456 ,2 ,0 ,1 ,995.62 ,176 ,1 ,11 ,12 ,15
187 ,Sun Nov 01 2020 17:11:39 GMT+0100 (GMT+01:00) ,20.123456 ,10.123456 ,2 ,0 ,1 ,995.68 ,178 ,1 ,11 ,12 ,15
188 ,Sun Nov 01 2020 17:11:40 GMT+0100 (GMT+01:00) ,20.123456 ,10.123456 ,2 ,0 ,1 ,995.68 ,178 ,1 ,11 ,12 ,15
189 ,Sun Nov 01 2020 17:11:42 GMT+0100 (GMT+01:00) ,20.123456 ,10.123456 ,2 ,0 ,1 ,995.62 ,178 ,1 ,11 ,12 ,15
190 ,Sun Nov 01 2020 17:11:51 GMT+0100 (GMT+01:00) ,20.123456 ,10.123456 ,2 ,0 ,1 ,995.62 ,178 ,1 ,11 ,12 ,15
191 ,Sun Nov 01 2020 17:11:53 GMT+0100 (GMT+01:00) ,20.123456 ,10.123456 ,2 ,0 ,1 ,995.71 ,177 ,1 ,11 ,12 ,15
192 ,Sun Nov 01 2020 17:11:56 GMT+0100 (GMT+01:00) ,20.123456 ,10.123456 ,2 ,0 ,1 ,995.58 ,176 ,1 ,11 ,12 ,15
193 ,Sun Nov 01 2020 17:12:08 GMT+0100 (GMT+01:00) ,20.123456 ,10.123456 ,2 ,0 ,1 ,995.62 ,177 ,1 ,11 ,12 ,15
194 ,Sun Nov 01 2020 17:12:10 GMT+0100 (GMT+01:00) ,20.123456 ,10.123456 ,2 ,0 ,1 ,995.67 ,178 ,1 ,11 ,12 ,15
195 ,Sun Nov 01 2020 17:12:12 GMT+0100 (GMT+01:00) ,20.123456 ,10.123456 ,2 ,0 ,1 ,995.64 ,177 ,1 ,11 ,12 ,15
196 ,Sun Nov 01 2020 17:12:25 GMT+0100 (GMT+01:00) ,20.123456 ,10.123456 ,2 ,0 ,1 ,995.67 ,178 ,1 ,11 ,12 ,15
197 ,Sun Nov 01 2020 17:12:27 GMT+0100 (GMT+01:00) ,20.123456 ,10.123456 ,2 ,0 ,1 ,995.71 ,178 ,1 ,11 ,12 ,15
198 ,Sun Nov 01 2020 17:12:29 GMT+0100 (GMT+01:00) ,20.123456 ,10.123456 ,2 ,0 ,1 ,995.68 ,177 ,1 ,11 ,12 ,15
199 ,Sun Nov 01 2020 17:12:40 GMT+0100 (GMT+01:00) ,20.123456 ,10.123456 ,2 ,0 ,1 ,995.72 ,177 ,1 ,11 ,12 ,15
200 ,Sun Nov 01 2020 17:12:42 GMT+0100 (GMT+01:00) ,20.123456 ,10.123456 ,2 ,0 ,1 ,995.69 ,179 ,1 ,11 ,12 ,15
201 ,Sun Nov 01 2020 17:12:44 GMT+0100 (GMT+01:00) ,20.123456 ,10.123456 ,2 ,0 ,1 ,995.69 ,177 ,1 ,11 ,12 ,15
202 ,Sun Nov 01 2020 17:12:45 GMT+0100 (GMT+01:00) ,20.123456 ,10.123456 ,2 ,0 ,1 ,995.69 ,177 ,1 ,11 ,12 ,15
203 ,Sun Nov 01 2020 17:12:55 GMT+0100 (GMT+01:00) ,20.123456 ,10.123456 ,2 ,0 ,1 ,995.63 ,178 ,1 ,11 ,12 ,15
204 ,Sun Nov 01 2020 17:12:57 GMT+0100 (GMT+01:00) ,20.123456 ,10.123456 ,2 ,0 ,1 ,995.62 ,177 ,1 ,11 ,12 ,15
205 ,Sun Nov 01 2020 17:12:58 GMT+0100 (GMT+01:00) ,20.123456 ,10.123456 ,2 ,0 ,1 ,995.62 ,177 ,1 ,11 ,12 ,15
206 ,Sun Nov 01 2020 17:13:00 GMT+0100 (GMT+01:00) ,20.123456 ,10.123456 ,2 ,0 ,1 ,995.66 ,180 ,1 ,11 ,12 ,15
207 ,Sun Nov 01 2020 17:13:11 GMT+0100 (GMT+01:00) ,20.123456 ,10.123456 ,2 ,0 ,1 ,995.65 ,179 ,1 ,11 ,12 ,15
208 ,Sun Nov 01 2020 17:13:13 GMT+0100 (GMT+01:00) ,20.123456 ,10.123456 ,2 ,0 ,1 ,995.61 ,178 ,1 ,11 ,12 ,15
209 ,Sun Nov 01 2020 17:14:00 GMT+0100 (GMT+01:00) ,20.123456 ,10.123456 ,2 ,23 ,51.6 ,995.59 ,182 ,1 ,11 ,15 ,18
210 ,Sun Nov 01 2020 17:14:02 GMT+0100 (GMT+01:00) ,20.123456 ,10.123456 ,2 ,23 ,51.7 ,995.62 ,182 ,1 ,11 ,15 ,18
211 ,Sun Nov 01 2020 17:14:05 GMT+0100 (GMT+01:00) ,20.123456 ,10.123456 ,2 ,23 ,51.7 ,995.57 ,183 ,1 ,11 ,15 ,18
212 ,Sun Nov 01 2020 17:14:07 GMT+0100 (GMT+01:00) ,20.123456 ,10.123456 ,2 ,23 ,51.6 ,995.61 ,181 ,1 ,11 ,15 ,18
213 ,Sun Nov 01 2020 17:14:09 GMT+0100 (GMT+01:00) ,20.123456 ,10.123456 ,2 ,23 ,51.7 ,995.59 ,181 ,1 ,11 ,15 ,18
214 ,Sun Nov 01 2020 17:14:33 GMT+0100 (GMT+01:00) ,20.123456 ,10.123456 ,2 ,23 ,51.7 ,995.65 ,178 ,1 ,11 ,15 ,18
215 ,Sun Nov 01 2020 17:14:34 GMT+0100 (GMT+01:00) ,20.123456 ,10.123456 ,2 ,23 ,51.7 ,995.65 ,178 ,1 ,11 ,15 ,18
216 ,Sun Nov 01 2020 17:14:36 GMT+0100 (GMT+01:00) ,20.123456 ,10.123456 ,2 ,22.9 ,51.7 ,995.66 ,178 ,1 ,11 ,15 ,18
217 ,Sun Nov 01 2020 17:14:38 GMT+0100 (GMT+01:00) ,20.123456 ,10.123456 ,2 ,23 ,51.7 ,995.62 ,178 ,1 ,11 ,15 ,18
218 ,Sun Nov 01 2020 17:14:40 GMT+0100 (GMT+01:00) ,20.123456 ,10.123456 ,2 ,22.9 ,51.6 ,995.58 ,178 ,1 ,11 ,15 ,18
219 ,Sun Nov 01 2020 17:14:41 GMT+0100 (GMT+01:00) ,20.123456 ,10.123456 ,2 ,22.9 ,51.6 ,995.58 ,178 ,1 ,11 ,15 ,18
220 ,Sun Nov 01 2020 17:14:43 GMT+0100 (GMT+01:00) ,20.123456 ,10.123456 ,2 ,23 ,51.7 ,995.62 ,177 ,1 ,11 ,15 ,18
221 ,Sun Nov 01 2020 17:14:45 GMT+0100 (GMT+01:00) ,20.123456 ,10.123456 ,2 ,22.9 ,51.7 ,995.61 ,178 ,1 ,11 ,15 ,18
222 ,Sun Nov 01 2020 17:14:47 GMT+0100 (GMT+01:00) ,20.123456 ,10.123456 ,2 ,22.9 ,51.7 ,995.61 ,179 ,1 ,11 ,15 ,18
223 ,Sun Nov 01 2020 17:14:50 GMT+0100 (GMT+01:00) ,20.123456 ,10.123456 ,2 ,22.9 ,51.7 ,995.66 ,177 ,1 ,11 ,15 ,18
224 ,Sun Nov 01 2020 17:14:52 GMT+0100 (GMT+01:00) ,20.123456 ,10.123456 ,2 ,22.9 ,51.8 ,995.56 ,177 ,1 ,11 ,15 ,18
225 ,Sun Nov 01 2020 17:14:54 GMT+0100 (GMT+01:00) ,20.123456 ,10.123456 ,2 ,22.9 ,51.8 ,995.65 ,179 ,1 ,11 ,15 ,18
226 ,Sun Nov 01 2020 17:14:57 GMT+0100 (GMT+01:00) ,20.123456 ,10.123456 ,2 ,22.9 ,51.9 ,995.62 ,177 ,1 ,11 ,15 ,18
227 ,Sun Nov 01 2020 17:15:18 GMT+0100 (GMT+01:00) ,20.123456 ,10.123456 ,2 ,22.9 ,51.9 ,995.67 ,178 ,1 ,11 ,15 ,18
228 ,Sun Nov 01 2020 17:15:20 GMT+0100 (GMT+01:00) ,20.123456 ,10.123456 ,2 ,22.9 ,52 ,995.59 ,179 ,1 ,11 ,15 ,18
229 ,Sun Nov 01 2020 17:15:22 GMT+0100 (GMT+01:00) ,20.123456 ,10.123456 ,2 ,22.9 ,52 ,995.66 ,178 ,1 ,11 ,15 ,18
230 ,Sun Nov 01 2020 17:15:25 GMT+0100 (GMT+01:00) ,20.123456 ,10.123456 ,2 ,22.9 ,52 ,995.67 ,176 ,1 ,11 ,15 ,18
231 ,Sun Nov 01 2020 17:15:27 GMT+0100 (GMT+01:00) ,20.123456 ,10.123456 ,2 ,22.9 ,51.9 ,995.68 ,176 ,1 ,11 ,15 ,18
232 ,Sun Nov 01 2020 17:15:29 GMT+0100 (GMT+01:00) ,20.123456 ,10.123456 ,2 ,22.9 ,51.9 ,995.63 ,178 ,1 ,11 ,15 ,18
233 ,Sun Nov 01 2020 17:15:31 GMT+0100 (GMT+01:00) ,20.123456 ,10.123456 ,2 ,22.9 ,51.9 ,995.56 ,178 ,1 ,11 ,15 ,18
234 ,Sun Nov 01 2020 17:15:34 GMT+0100 (GMT+01:00) ,20.123456 ,10.123456 ,2 ,22.9 ,51.9 ,995.63 ,177 ,1 ,11 ,15 ,18
235 ,Sun Nov 01 2020 17:15:36 GMT+0100 (GMT+01:00) ,20.123456 ,10.123456 ,2 ,22.8 ,51.9 ,995.65 ,176 ,1 ,11 ,15 ,18
236 ,Sun Nov 01 2020 17:15:38 GMT+0100 (GMT+01:00) ,20.123456 ,10.123456 ,2 ,22.8 ,51.9 ,995.6 ,179 ,1 ,11 ,15 ,18
237 ,Sun Nov 01 2020 17:15:41 GMT+0100 (GMT+01:00) ,20.123456 ,10.123456 ,2 ,22.9 ,51.9 ,995.63 ,177 ,1 ,11 ,15 ,18
238 ,Sun Nov 01 2020 17:15:43 GMT+0100 (GMT+01:00) ,20.123456 ,10.123456 ,2 ,22.8 ,51.9 ,995.62 ,176 ,1 ,11 ,15 ,18
239 ,Sun Nov 01 2020 17:15:45 GMT+0100 (GMT+01:00) ,20.123456 ,10.123456 ,2 ,22.8 ,51.9 ,995.62 ,176 ,1 ,11 ,15 ,18
240 ,Sun Nov 01 2020 17:15:47 GMT+0100 (GMT+01:00) ,20.123456 ,10.123456 ,2 ,22.9 ,51.9 ,995.61 ,178 ,1 ,11 ,15 ,18
241 ,Sun Nov 01 2020 17:15:48 GMT+0100 (GMT+01:00) ,20.123456 ,10.123456 ,2 ,22.9 ,51.9 ,995.61 ,178 ,1 ,11 ,15 ,18
242 ,Sun Nov 01 2020 17:15:50 GMT+0100 (GMT+01:00) ,20.123456 ,10.123456 ,2 ,22.8 ,51.9 ,995.64 ,178 ,1 ,11 ,15 ,18
243 ,Sun Nov 01 2020 17:15:52 GMT+0100 (GMT+01:00) ,20.123456 ,10.123456 ,2 ,22.8 ,51.9 ,995.65 ,178 ,1 ,11 ,15 ,18
244 ,Sun Nov 01 2020 17:15:54 GMT+0100 (GMT+01:00) ,20.123456 ,10.123456 ,2 ,22.8 ,51.9 ,995.63 ,179 ,1 ,11 ,15 ,18
245 ,Sun Nov 01 2020 17:15:56 GMT+0100 (GMT+01:00) ,20.123456 ,10.123456 ,2 ,22.8 ,51.9 ,995.62 ,177 ,1 ,11 ,15 ,18
246 ,Sun Nov 01 2020 17:15:57 GMT+0100 (GMT+01:00) ,20.123456 ,10.123456 ,2 ,22.8 ,51.9 ,995.62 ,177 ,1 ,11 ,15 ,18
247 ,Sun Nov 01 2020 17:15:59 GMT+0100 (GMT+01:00) ,20.123456 ,10.123456 ,2 ,22.8 ,51.9 ,995.59 ,177 ,1 ,11 ,15 ,18
248 ,Sun Nov 01 2020 17:16:01 GMT+0100 (GMT+01:00) ,20.123456 ,10.123456 ,2 ,22.8 ,51.9 ,995.59 ,178 ,1 ,11 ,15 ,18
249 ,Sun Nov 01 2020 17:16:03 GMT+0100 (GMT+01:00) ,20.123456 ,10.123456 ,2 ,22.8 ,51.9 ,995.62 ,177 ,1 ,11 ,15 ,18
250 ,Sun Nov 01 2020 17:16:06 GMT+0100 (GMT+01:00) ,20.123456 ,10.123456 ,2 ,22.8 ,51.9 ,995.65 ,177 ,1 ,11 ,15 ,18
251 ,Sun Nov 01 2020 17:16:08 GMT+0100 (GMT+01:00) ,20.123456 ,10.123456 ,2 ,22.8 ,51.9 ,995.64 ,178 ,1 ,11 ,15 ,18
252 ,Sun Nov 01 2020 17:16:20 GMT+0100 (GMT+01:00) ,20.123456 ,10.123456 ,2 ,22.8 ,52 ,995.61 ,177 ,1 ,11 ,15 ,18
253 ,Sun Nov 01 2020 17:16:24 GMT+0100 (GMT+01:00) ,20.123456 ,10.123456 ,2 ,22.8 ,52 ,995.61 ,178 ,1 ,11 ,15 ,18
254 ,Sun Nov 01 2020 17:16:28 GMT+0100 (GMT+01:00) ,20.123456 ,10.123456 ,2 ,22.8 ,52 ,995.58 ,178 ,1 ,11 ,15 ,18
255 ,Sun Nov 01 2020 17:16:30 GMT+0100 (GMT+01:00) ,20.123456 ,10.123456 ,2 ,22.8 ,52 ,995.53 ,177 ,1 ,11 ,15 ,18
256 ,Sun Nov 01 2020 17:16:32 GMT+0100 (GMT+01:00) ,20.123456 ,10.123456 ,2 ,22.8 ,52 ,995.58 ,177 ,1 ,11 ,15 ,18
257 ,Sun Nov 01 2020 17:16:35 GMT+0100 (GMT+01:00) ,20.123456 ,10.123456 ,2 ,22.8 ,52 ,995.52 ,178 ,1 ,11 ,15 ,18
258 ,Sun Nov 01 2020 17:16:37 GMT+0100 (GMT+01:00) ,20.123456 ,10.123456 ,2 ,22.8 ,52 ,995.58 ,177 ,1 ,11 ,15 ,18
259 ,Sun Nov 01 2020 17:16:39 GMT+0100 (GMT+01:00) ,20.123456 ,10.123456 ,2 ,22.8 ,52 ,995.53 ,178 ,1 ,11 ,15 ,18
260 ,Sun Nov 01 2020 17:16:41 GMT+0100 (GMT+01:00) ,20.123456 ,10.123456 ,2 ,22.8 ,52 ,995.6 ,177 ,1 ,11 ,15 ,18
261 ,Sun Nov 01 2020 17:16:42 GMT+0100 (GMT+01:00) ,20.123456 ,10.123456 ,2 ,22.8 ,52 ,995.6 ,177 ,1 ,11 ,15 ,18
262 ,Sun Nov 01 2020 17:16:44 GMT+0100 (GMT+01:00) ,20.123456 ,10.123456 ,2 ,22.8 ,52 ,995.57 ,179 ,1 ,11 ,15 ,18
263 ,Sun Nov 01 2020 17:16:46 GMT+0100 (GMT+01:00) ,20.123456 ,10.123456 ,2 ,22.8 ,52 ,995.6 ,176 ,1 ,11 ,15 ,18
264 ,Sun Nov 01 2020 17:16:48 GMT+0100 (GMT+01:00) ,20.123456 ,10.123456 ,2 ,22.8 ,51.9 ,995.57 ,178 ,1 ,11 ,15 ,18
265 ,Sun Nov 01 2020 17:16:50 GMT+0100 (GMT+01:00) ,20.123456 ,10.123456 ,2 ,22.8 ,51.9 ,995.64 ,179 ,1 ,11 ,15 ,18
266 ,Sun Nov 01 2020 17:16:51 GMT+0100 (GMT+01:00) ,20.123456 ,10.123456 ,2 ,22.8 ,51.9 ,995.64 ,179 ,1 ,11 ,15 ,18
267 ,Sun Nov 01 2020 17:16:53 GMT+0100 (GMT+01:00) ,20.123456 ,10.123456 ,2 ,22.8 ,51.9 ,995.58 ,177 ,1 ,11 ,15 ,18
268 ,Sun Nov 01 2020 17:16:55 GMT+0100 (GMT+01:00) ,20.123456 ,10.123456 ,2 ,22.8 ,51.9 ,995.57 ,177 ,1 ,11 ,15 ,18
269 ,Sun Nov 01 2020 17:16:57 GMT+0100 (GMT+01:00) ,20.123456 ,10.123456 ,2 ,22.8 ,52 ,995.45 ,179 ,1 ,11 ,15 ,18
270 ,Sun Nov 01 2020 17:17:00 GMT+0100 (GMT+01:00) ,20.123456 ,10.123456 ,2 ,22.8 ,52 ,995.63 ,180 ,1 ,11 ,15 ,18
271 ,Sun Nov 01 2020 17:17:02 GMT+0100 (GMT+01:00) ,20.123456 ,10.123456 ,2 ,22.8 ,52 ,995.57 ,177 ,1 ,11 ,15 ,18
272 ,Sun Nov 01 2020 17:17:04 GMT+0100 (GMT+01:00) ,20.123456 ,10.123456 ,2 ,22.8 ,52 ,995.53 ,178 ,1 ,11 ,15 ,18
273 ,Sun Nov 01 2020 17:17:17 GMT+0100 (GMT+01:00) ,20.123456 ,10.123456 ,2 ,22.7 ,52 ,995.58 ,177 ,1 ,11 ,15 ,18
274 ,Sun Nov 01 2020 17:17:19 GMT+0100 (GMT+01:00) ,20.123456 ,10.123456 ,2 ,22.8 ,52.1 ,995.56 ,177 ,1 ,11 ,15 ,18
275 ,Sun Nov 01 2020 17:17:23 GMT+0100 (GMT+01:00) ,20.123456 ,10.123456 ,2 ,22.8 ,52.1 ,995.58 ,179 ,1 ,11 ,15 ,18
276 ,Sun Nov 01 2020 17:17:25 GMT+0100 (GMT+01:00) ,20.123456 ,10.123456 ,2 ,22.8 ,52.2 ,995.61 ,177 ,1 ,11 ,15 ,18
277 ,Sun Nov 01 2020 17:17:27 GMT+0100 (GMT+01:00) ,20.123456 ,10.123456 ,2 ,22.8 ,52.2 ,995.61 ,178 ,1 ,11 ,15 ,18
278 ,Sun Nov 01 2020 17:17:29 GMT+0100 (GMT+01:00) ,20.123456 ,10.123456 ,2 ,22.7 ,52.2 ,995.56 ,179 ,1 ,11 ,15 ,18
279 ,Sun Nov 01 2020 17:17:30 GMT+0100 (GMT+01:00) ,20.123456 ,10.123456 ,2 ,22.7 ,52.2 ,995.56 ,179 ,1 ,11 ,15 ,18
280 ,Sun Nov 01 2020 17:17:32 GMT+0100 (GMT+01:00) ,20.123456 ,10.123456 ,2 ,22.8 ,52.2 ,995.58 ,177 ,1 ,11 ,15 ,18
281 ,Sun Nov 01 2020 17:17:34 GMT+0100 (GMT+01:00) ,20.123456 ,10.123456 ,2 ,22.8 ,52.2 ,995.6 ,178 ,1 ,11 ,15 ,18
282 ,Sun Nov 01 2020 17:17:36 GMT+0100 (GMT+01:00) ,20.123456 ,10.123456 ,2 ,22.8 ,52.3 ,995.6 ,178 ,1 ,11 ,15 ,18
283 ,Sun Nov 01 2020 17:17:38 GMT+0100 (GMT+01:00) ,20.123456 ,10.123456 ,2 ,22.8 ,52.3 ,995.56 ,177 ,1 ,11 ,15 ,18
284 ,Sun Nov 01 2020 17:17:39 GMT+0100 (GMT+01:00) ,20.123456 ,10.123456 ,2 ,22.8 ,52.3 ,995.56 ,177 ,1 ,11 ,15 ,18
285 ,Sun Nov 01 2020 17:17:41 GMT+0100 (GMT+01:00) ,20.123456 ,10.123456 ,2 ,22.7 ,52.2 ,995.6 ,177 ,1 ,11 ,15 ,18
286 ,Sun Nov 01 2020 17:17:43 GMT+0100 (GMT+01:00) ,20.123456 ,10.123456 ,2 ,22.8 ,52.2 ,995.57 ,177 ,1 ,11 ,15 ,18
287 ,Sun Nov 01 2020 17:17:45 GMT+0100 (GMT+01:00) ,20.123456 ,10.123456 ,2 ,22.7 ,52 ,995.61 ,180 ,1 ,11 ,15 ,18
288 ,Sun Nov 01 2020 17:17:46 GMT+0100 (GMT+01:00) ,20.123456 ,10.123456 ,2 ,22.7 ,52 ,995.61 ,180 ,1 ,11 ,15 ,18
289 ,Sun Nov 01 2020 17:17:48 GMT+0100 (GMT+01:00) ,20.123456 ,10.123456 ,2 ,22.8 ,52 ,995.6 ,180 ,1 ,11 ,15 ,18
290 ,Sun Nov 01 2020 17:17:50 GMT+0100 (GMT+01:00) ,20.123456 ,10.123456 ,2 ,22.8 ,52 ,995.6 ,261 ,0 ,11 ,15 ,18
291 ,Sun Nov 01 2020 17:17:54 GMT+0100 (GMT+01:00) ,20.123456 ,10.123456 ,2 ,22.7 ,51.9 ,995.59 ,284 ,0 ,11 ,15 ,18
292 ,Sun Nov 01 2020 17:17:56 GMT+0100 (GMT+01:00) ,20.123456 ,10.123456 ,2 ,22.8 ,51.9 ,995.59 ,223 ,0 ,11 ,15 ,18
293 ,Sun Nov 01 2020 17:17:58 GMT+0100 (GMT+01:00) ,20.123456 ,10.123456 ,2 ,22.8 ,51.9 ,995.55 ,201 ,0 ,11 ,15 ,18
294 ,Sun Nov 01 2020 17:17:59 GMT+0100 (GMT+01:00) ,20.123456 ,10.123456 ,2 ,22.8 ,51.9 ,995.55 ,201 ,0 ,11 ,15 ,18
295 ,Sun Nov 01 2020 17:18:01 GMT+0100 (GMT+01:00) ,20.123456 ,10.123456 ,2 ,22.7 ,51.9 ,995.57 ,246 ,0 ,11 ,15 ,18
296 ,Sun Nov 01 2020 17:18:03 GMT+0100 (GMT+01:00) ,20.123456 ,10.123456 ,2 ,22.7 ,52 ,995.57 ,249 ,0 ,11 ,15 ,18
297 ,Sun Nov 01 2020 17:18:05 GMT+0100 (GMT+01:00) ,20.123456 ,10.123456 ,2 ,22.8 ,52.3 ,995.63 ,222 ,0 ,11 ,15 ,18
298 ,Sun Nov 01 2020 17:18:07 GMT+0100 (GMT+01:00) ,20.123456 ,10.123456 ,2 ,22.8 ,52.4 ,995.58 ,202 ,0 ,11 ,15 ,18
299 ,Sun Nov 01 2020 17:18:08 GMT+0100 (GMT+01:00) ,20.123456 ,10.123456 ,2 ,22.8 ,52.4 ,995.58 ,202 ,0 ,11 ,15 ,18
300 ,Sun Nov 01 2020 17:18:10 GMT+0100 (GMT+01:00) ,20.123456 ,10.123456 ,2 ,0 ,0 ,995.61 ,192 ,1 ,11 ,15 ,18
301 ,Sun Nov 01 2020 17:18:12 GMT+0100 (GMT+01:00) ,20.123456 ,10.123456 ,2 ,22.8 ,54.6 ,995.58 ,190 ,1 ,11 ,15 ,18
302 ,Sun Nov 01 2020 17:18:14 GMT+0100 (GMT+01:00) ,20.123456 ,10.123456 ,2 ,0 ,0 ,995.58 ,207 ,0 ,11 ,15 ,18
303 ,Sun Nov 01 2020 17:18:15 GMT+0100 (GMT+01:00) ,20.123456 ,10.123456 ,2 ,0 ,0 ,995.58 ,207 ,0 ,11 ,15 ,18
304 ,Sun Nov 01 2020 17:18:17 GMT+0100 (GMT+01:00) ,20.123456 ,10.123456 ,2 ,22.8 ,56.8 ,995.54 ,262 ,0 ,11 ,15 ,18
305 ,Sun Nov 01 2020 17:18:19 GMT+0100 (GMT+01:00) ,20.123456 ,10.123456 ,2 ,22.8 ,59.3 ,995.62 ,252 ,0 ,11 ,15 ,18
306 ,Sun Nov 01 2020 17:18:21 GMT+0100 (GMT+01:00) ,20.123456 ,10.123456 ,2 ,22.8 ,59.3 ,995.54 ,247 ,0 ,11 ,15 ,18
307 ,Sun Nov 01 2020 17:18:23 GMT+0100 (GMT+01:00) ,20.123456 ,10.123456 ,2 ,22.8 ,58.4 ,995.59 ,255 ,0 ,11 ,15 ,18
308 ,Sun Nov 01 2020 17:18:24 GMT+0100 (GMT+01:00) ,20.123456 ,10.123456 ,2 ,22.8 ,58.4 ,995.59 ,255 ,0 ,11 ,15 ,18
309 ,Sun Nov 01 2020 17:18:26 GMT+0100 (GMT+01:00) ,20.123456 ,10.123456 ,2 ,22.9 ,57.3 ,995.62 ,261 ,0 ,11 ,15 ,18
310 ,Sun Nov 01 2020 17:18:27 GMT+0100 (GMT+01:00) ,20.123456 ,10.123456 ,2 ,22.9 ,57.3 ,995.62 ,261 ,0 ,11 ,15 ,18
311 ,Sun Nov 01 2020 17:18:28 GMT+0100 (GMT+01:00) ,20.123456 ,10.123456 ,2 ,22.9 ,56.2 ,995.56 ,259 ,0 ,11 ,15 ,18
312 ,Sun Nov 01 2020 17:18:30 GMT+0100 (GMT+01:00) ,20.123456 ,10.123456 ,2 ,22.8 ,55.2 ,995.58 ,250 ,0 ,11 ,15 ,18
313 ,Sun Nov 01 2020 17:18:32 GMT+0100 (GMT+01:00) ,20.123456 ,10.123456 ,2 ,22.9 ,54.6 ,995.54 ,216 ,0 ,11 ,15 ,18
314 ,Sun Nov 01 2020 17:18:33 GMT+0100 (GMT+01:00) ,20.123456 ,10.123456 ,2 ,22.9 ,54.6 ,995.54 ,216 ,0 ,11 ,15 ,18
315 ,Sun Nov 01 2020 17:18:35 GMT+0100 (GMT+01:00) ,20.123456 ,10.123456 ,2 ,22.9 ,56 ,995.49 ,200 ,0 ,11 ,15 ,18
316 ,Sun Nov 01 2020 17:18:37 GMT+0100 (GMT+01:00) ,20.123456 ,10.123456 ,2 ,22.9 ,60.3 ,995.57 ,191 ,1 ,11 ,15 ,18
317 ,Sun Nov 01 2020 17:18:51 GMT+0100 (GMT+01:00) ,20.123456 ,10.123456 ,2 ,22.9 ,57.5 ,995.58 ,177 ,1 ,11 ,15 ,18
318 ,Sun Nov 01 2020 17:18:53 GMT+0100 (GMT+01:00) ,20.123456 ,10.123456 ,2 ,23 ,56.6 ,995.54 ,177 ,1 ,11 ,15 ,18
319 ,Sun Nov 01 2020 17:18:55 GMT+0100 (GMT+01:00) ,20.123456 ,10.123456 ,2 ,23 ,55.6 ,995.53 ,176 ,1 ,11 ,15 ,18
320 ,Sun Nov 01 2020 17:18:56 GMT+0100 (GMT+01:00) ,20.123456 ,10.123456 ,2 ,23 ,55.6 ,995.53 ,176 ,1 ,11 ,15 ,18
321 ,Sun Nov 01 2020 17:18:58 GMT+0100 (GMT+01:00) ,20.123456 ,10.123456 ,2 ,23 ,54.9 ,995.51 ,175 ,1 ,11 ,15 ,18
322 ,Sun Nov 01 2020 17:19:00 GMT+0100 (GMT+01:00) ,20.123456 ,10.123456 ,2 ,23 ,54.3 ,995.57 ,174 ,1 ,11 ,15 ,18
323 ,Sun Nov 01 2020 17:19:02 GMT+0100 (GMT+01:00) ,20.123456 ,10.123456 ,2 ,23 ,53.9 ,995.55 ,174 ,1 ,11 ,15 ,18
324 ,Sun Nov 01 2020 17:19:03 GMT+0100 (GMT+01:00) ,20.123456 ,10.123456 ,2 ,23 ,53.9 ,995.55 ,174 ,1 ,11 ,15 ,18
325 ,Sun Nov 01 2020 17:19:05 GMT+0100 (GMT+01:00) ,20.123456 ,10.123456 ,2 ,23 ,53.5 ,995.57 ,173 ,1 ,11 ,15 ,18
326 ,Sun Nov 01 2020 17:19:07 GMT+0100 (GMT+01:00) ,20.123456 ,10.123456 ,2 ,23 ,53.2 ,995.57 ,173 ,1 ,11 ,15 ,18
327 ,Sun Nov 01 2020 17:19:09 GMT+0100 (GMT+01:00) ,20.123456 ,10.123456 ,2 ,22.9 ,53 ,995.56 ,172 ,1 ,11 ,15 ,18
328 ,Sun Nov 01 2020 17:19:11 GMT+0100 (GMT+01:00) ,20.123456 ,10.123456 ,2 ,23 ,52.9 ,995.51 ,171 ,1 ,11 ,15 ,18
329 ,Sun Nov 01 2020 17:19:12 GMT+0100 (GMT+01:00) ,20.123456 ,10.123456 ,2 ,23 ,52.9 ,995.51 ,171 ,1 ,11 ,15 ,18
330 ,Sun Nov 01 2020 17:19:14 GMT+0100 (GMT+01:00) ,20.123456 ,10.123456 ,2 ,23 ,52.8 ,995.58 ,172 ,1 ,11 ,15 ,18
331 ,Sun Nov 01 2020 17:19:16 GMT+0100 (GMT+01:00) ,20.123456 ,10.123456 ,2 ,23 ,52.7 ,995.55 ,172 ,1 ,11 ,15 ,18
332 ,Sun Nov 01 2020 17:19:18 GMT+0100 (GMT+01:00) ,20.123456 ,10.123456 ,2 ,23 ,52.6 ,995.59 ,171 ,1 ,11 ,15 ,18
333 ,Sun Nov 01 2020 17:19:21 GMT+0100 (GMT+01:00) ,20.123456 ,10.123456 ,2 ,23 ,52.5 ,995.57 ,173 ,1 ,11 ,15 ,18
334 ,Sun Nov 01 2020 17:19:22 GMT+0100 (GMT+01:00) ,20.123456 ,10.123456 ,2 ,23 ,52.5 ,995.57 ,173 ,1 ,11 ,15 ,18
335 ,Sun Nov 01 2020 17:19:23 GMT+0100 (GMT+01:00) ,20.123456 ,10.123456 ,2 ,23 ,52.4 ,995.59 ,170 ,1 ,11 ,15 ,18
336 ,Sun Nov 01 2020 17:19:25 GMT+0100 (GMT+01:00) ,20.123456 ,10.123456 ,2 ,23 ,52.4 ,995.58 ,172 ,1 ,11 ,15 ,18
337 ,Sun Nov 01 2020 17:19:27 GMT+0100 (GMT+01:00) ,20.123456 ,10.123456 ,2 ,23 ,52.4 ,995.61 ,170 ,1 ,11 ,15 ,18
338 ,Sun Nov 01 2020 17:19:28 GMT+0100 (GMT+01:00) ,20.123456 ,10.123456 ,2 ,23 ,52.4 ,995.61 ,170 ,1 ,11 ,15 ,18
339 ,Sun Nov 01 2020 17:19:30 GMT+0100 (GMT+01:00) ,20.123456 ,10.123456 ,2 ,23 ,52.4 ,995.62 ,172 ,1 ,11 ,15 ,18
340 ,Sun Nov 01 2020 17:19:32 GMT+0100 (GMT+01:00) ,20.123456 ,10.123456 ,2 ,23 ,52.4 ,995.6 ,172 ,1 ,11 ,15 ,18
341 ,Sun Nov 01 2020 17:19:34 GMT+0100 (GMT+01:00) ,20.123456 ,10.123456 ,2 ,23 ,52.4 ,995.52 ,171 ,1 ,11 ,15 ,18
342 ,Sun Nov 01 2020 17:19:37 GMT+0100 (GMT+01:00) ,20.123456 ,10.123456 ,2 ,23 ,52.3 ,995.59 ,172 ,1 ,11 ,15 ,18
343 ,Sun Nov 01 2020 17:19:39 GMT+0100 (GMT+01:00) ,20.123456 ,10.123456 ,2 ,23 ,52.4 ,995.6 ,172 ,1 ,11 ,15 ,18
344 ,Sun Nov 01 2020 17:19:41 GMT+0100 (GMT+01:00) ,20.123456 ,10.123456 ,2 ,23 ,52.4 ,995.59 ,168 ,1 ,11 ,15 ,18
345 ,Fri Nov 06 2020 15:15:28 GMT+0100 (GMT+01:00) ,50.280188 ,18.698132 ,0 ,1.6 ,4.8 ,1009.78 ,307 ,0 ,17 ,27 ,31
346 ,Fri Nov 06 2020 15:15:31 GMT+0100 (GMT+01:00) ,50.280188 ,18.698132 ,0 ,1.6 ,4.9 ,1009.85 ,311 ,0 ,17 ,27 ,31
347 ,Fri Nov 06 2020 15:15:33 GMT+0100 (GMT+01:00) ,50.280188 ,18.698132 ,0 ,1.6 ,4.9 ,1009.83 ,311 ,0 ,17 ,27 ,31
348 ,Fri Nov 06 2020 15:15:36 GMT+0100 (GMT+01:00) ,50.280188 ,18.698132 ,0 ,1.6 ,4.9 ,1009.79 ,307 ,0 ,17 ,27 ,31
349 ,Fri Nov 06 2020 15:15:38 GMT+0100 (GMT+01:00) ,50.280188 ,18.698132 ,0 ,1.6 ,4.9 ,1009.81 ,305 ,0 ,17 ,27 ,31
350 ,Fri Nov 06 2020 15:15:40 GMT+0100 (GMT+01:00) ,50.280188 ,18.698132 ,0 ,1.6 ,4.9 ,1009.8 ,307 ,0 ,17 ,27 ,31
351 ,Fri Nov 06 2020 15:15:44 GMT+0100 (GMT+01:00) ,50.280188 ,18.698132 ,0 ,1.6 ,4.9 ,1009.93 ,304 ,0 ,17 ,27 ,31
352 ,Fri Nov 06 2020 15:15:46 GMT+0100 (GMT+01:00) ,50.280188 ,18.698132 ,0 ,1.6 ,4.9 ,1009.81 ,303 ,0 ,17 ,27 ,31
353 ,Fri Nov 06 2020 15:15:49 GMT+0100 (GMT+01:00) ,50.280188 ,18.698132 ,0 ,1.6 ,4.9 ,1009.87 ,302 ,0 ,17 ,27 ,31
354 ,Fri Nov 06 2020 15:15:52 GMT+0100 (GMT+01:00) ,50.280188 ,18.698132 ,0 ,1.6 ,4.9 ,1009.8 ,304 ,0 ,17 ,27 ,31
355 ,Fri Nov 06 2020 15:15:55 GMT+0100 (GMT+01:00) ,50.280188 ,18.698132 ,0 ,1.6 ,4.9 ,1009.77 ,305 ,0 ,17 ,27 ,31
356 ,Fri Nov 06 2020 15:15:58 GMT+0100 (GMT+01:00) ,50.280188 ,18.698132 ,0 ,1.6 ,4.9 ,1009.89 ,304 ,0 ,17 ,27 ,31
357 ,Fri Nov 06 2020 15:16:04 GMT+0100 (GMT+01:00) ,50.280188 ,18.698132 ,0 ,1.6 ,4.9 ,1009.85 ,282 ,0 ,17 ,27 ,31
358 ,Fri Nov 06 2020 15:16:06 GMT+0100 (GMT+01:00) ,50.280188 ,18.698132 ,0 ,1.6 ,4.9 ,1009.84 ,280 ,0 ,17 ,27 ,31
359 ,Fri Nov 06 2020 15:16:10 GMT+0100 (GMT+01:00) ,50.280188 ,18.698132 ,0 ,1.6 ,4.9 ,1009.85 ,280 ,0 ,17 ,27 ,31
360 ,Fri Nov 06 2020 15:16:15 GMT+0100 (GMT+01:00) ,50.280188 ,18.698132 ,0 ,1.6 ,4.9 ,1009.76 ,279 ,0 ,17 ,27 ,31
361 ,Fri Nov 06 2020 15:16:17 GMT+0100 (GMT+01:00) ,50.280188 ,18.698132 ,0 ,1.6 ,4.9 ,1009.85 ,283 ,0 ,17 ,27 ,31
365 ,Fri Nov 06 2020 15:16:38 GMT+0100 (GMT+01:00) ,50.280188 ,18.698132 ,0 ,1.6 ,5 ,1009.99 ,277 ,0 ,17 ,27 ,31
366 ,Fri Nov 06 2020 15:16:44 GMT+0100 (GMT+01:00) ,50.280188 ,18.698132 ,0 ,1.5 ,5 ,1009.92 ,277 ,0 ,17 ,27 ,31
367 ,Fri Nov 06 2020 15:16:50 GMT+0100 (GMT+01:00) ,50.280188 ,18.698132 ,0 ,1.5 ,5.1 ,1009.81 ,279 ,0 ,17 ,27 ,31
368 ,Fri Nov 06 2020 15:16:53 GMT+0100 (GMT+01:00) ,50.280188 ,18.698132 ,0 ,1.5 ,5.1 ,1010 ,277 ,0 ,17 ,27 ,31
369 ,Fri Nov 06 2020 15:16:55 GMT+0100 (GMT+01:00) ,50.280188 ,18.698132 ,0 ,1.5 ,5.1 ,1010.04 ,280 ,0 ,17 ,27 ,31
370 ,Fri Nov 06 2020 15:16:57 GMT+0100 (GMT+01:00) ,50.280188 ,18.698132 ,0 ,1.5 ,5.1 ,1010.02 ,281 ,0 ,17 ,27 ,31
371 ,Fri Nov 06 2020 15:17:00 GMT+0100 (GMT+01:00) ,50.280188 ,18.698132 ,0 ,1.5 ,5.1 ,1010.04 ,282 ,0 ,17 ,27 ,31
372 ,Fri Nov 06 2020 15:17:02 GMT+0100 (GMT+01:00) ,50.280188 ,18.698132 ,0 ,1.5 ,5.1 ,1009.99 ,276 ,0 ,17 ,27 ,31
373 ,Fri Nov 06 2020 15:17:07 GMT+0100 (GMT+01:00) ,50.280188 ,18.698132 ,0 ,1.5 ,5 ,1010.01 ,275 ,0 ,17 ,27 ,31
374 ,Fri Nov 06 2020 15:17:15 GMT+0100 (GMT+01:00) ,50.280188 ,18.698132 ,0 ,1.5 ,5.1 ,1009.85 ,280 ,0 ,17 ,27 ,31
375 ,Fri Nov 06 2020 15:17:19 GMT+0100 (GMT+01:00) ,50.280188 ,18.698132 ,0 ,1.5 ,5.1 ,1009.83 ,281 ,0 ,17 ,27 ,31
376 ,Fri Nov 06 2020 15:17:21 GMT+0100 (GMT+01:00) ,50.280188 ,18.698132 ,0 ,1.5 ,5.1 ,1009.83 ,280 ,0 ,17 ,27 ,31
377 ,Fri Nov 06 2020 15:17:25 GMT+0100 (GMT+01:00) ,50.280188 ,18.698132 ,0 ,1.5 ,5.1 ,1009.84 ,286 ,0 ,17 ,27 ,31
378 ,Fri Nov 06 2020 15:17:32 GMT+0100 (GMT+01:00) ,50.280188 ,18.698132 ,0 ,1.5 ,5.3 ,1010.09 ,287 ,0 ,17 ,27 ,31
379 ,Fri Nov 06 2020 15:17:34 GMT+0100 (GMT+01:00) ,50.280188 ,18.698132 ,0 ,1.5 ,5.3 ,1010.03 ,283 ,0 ,17 ,27 ,31
380 ,Fri Nov 06 2020 15:17:36 GMT+0100 (GMT+01:00) ,50.280188 ,18.698132 ,0 ,1.5 ,5.3 ,1010.02 ,285 ,0 ,17 ,27 ,31
381 ,Fri Nov 06 2020 15:17:37 GMT+0100 (GMT+01:00) ,50.280188 ,18.698132 ,0 ,1.5 ,5.3 ,1010.02 ,285 ,0 ,17 ,27 ,31
382 ,Fri Nov 06 2020 15:17:39 GMT+0100 (GMT+01:00) ,50.280188 ,18.698132 ,0 ,1.5 ,5.3 ,1010.08 ,284 ,0 ,17 ,27 ,31
383 ,Fri Nov 06 2020 15:17:44 GMT+0100 (GMT+01:00) ,50.280188 ,18.698132 ,0 ,1.5 ,5.3 ,1010.11 ,284 ,0 ,17 ,27 ,31
384 ,Fri Nov 06 2020 15:17:49 GMT+0100 (GMT+01:00) ,50.280188 ,18.698132 ,0 ,1.5 ,5.3 ,1010.13 ,283 ,0 ,17 ,27 ,31
385 ,Fri Nov 06 2020 15:17:51 GMT+0100 (GMT+01:00) ,50.280188 ,18.698132 ,0 ,1.5 ,5.3 ,1010.12 ,294 ,0 ,17 ,27 ,31
386 ,Fri Nov 06 2020 15:17:52 GMT+0100 (GMT+01:00) ,50.280188 ,18.698132 ,0 ,1.5 ,5.3 ,1010.12 ,294 ,0 ,17 ,27 ,31
387 ,Fri Nov 06 2020 15:17:55 GMT+0100 (GMT+01:00) ,50.280188 ,18.698132 ,0 ,1.5 ,5.3 ,1010.15 ,347 ,0 ,17 ,27 ,31
389 ,Fri Nov 06 2020 15:18:08 GMT+0100 (GMT+01:00) ,50.280188 ,18.698132 ,0 ,1.5 ,5.3 ,1010.3 ,280 ,0 ,17 ,27 ,31
390 ,Fri Nov 06 2020 15:18:10 GMT+0100 (GMT+01:00) ,50.280188 ,18.698132 ,0 ,1.5 ,5.3 ,1010.31 ,271 ,0 ,17 ,27 ,31
391 ,Fri Nov 06 2020 15:18:14 GMT+0100 (GMT+01:00) ,50.280188 ,18.698132 ,0 ,1.5 ,5.3 ,1010.19 ,267 ,0 ,17 ,27 ,31
392 ,Fri Nov 06 2020 15:18:16 GMT+0100 (GMT+01:00) ,50.280188 ,18.698132 ,0 ,1.5 ,5.3 ,1010.21 ,266 ,0 ,17 ,27 ,31
393 ,Fri Nov 06 2020 15:18:18 GMT+0100 (GMT+01:00) ,50.280188 ,18.698132 ,0 ,1.5 ,5.3 ,1010.27 ,264 ,0 ,17 ,27 ,31
394 ,Fri Nov 06 2020 15:18:23 GMT+0100 (GMT+01:00) ,50.280188 ,18.698132 ,0 ,1.5 ,5.2 ,1009.9 ,262 ,0 ,17 ,27 ,31
395 ,Fri Nov 06 2020 15:18:32 GMT+0100 (GMT+01:00) ,50.280188 ,18.698132 ,0 ,1.5 ,5.2 ,1009.94 ,273 ,0 ,17 ,27 ,31
396 ,Fri Nov 06 2020 15:18:35 GMT+0100 (GMT+01:00) ,50.280188 ,18.698132 ,0 ,1.5 ,5.2 ,1009.97 ,275 ,0 ,17 ,27 ,31
400 ,Fri Nov 06 2020 15:18:50 GMT+0100 (GMT+01:00) ,50.280188 ,18.698132 ,0 ,1.5 ,5.2 ,1009.99 ,246 ,0 ,17 ,27 ,31
401 ,Fri Nov 06 2020 15:18:51 GMT+0100 (GMT+01:00) ,50.280188 ,18.698132 ,0 ,1.5 ,5.2 ,1009.99 ,246 ,0 ,17 ,27 ,31
402 ,Fri Nov 06 2020 15:18:53 GMT+0100 (GMT+01:00) ,50.280188 ,18.698132 ,0 ,0 ,0 ,1010.04 ,245 ,0 ,17 ,27 ,31
403 ,Fri Nov 06 2020 15:18:55 GMT+0100 (GMT+01:00) ,50.280188 ,18.698132 ,0 ,1.5 ,5.2 ,1010.03 ,249 ,0 ,17 ,27 ,31
404 ,Fri Nov 06 2020 15:18:57 GMT+0100 (GMT+01:00) ,50.280188 ,18.698132 ,0 ,1.5 ,5.3 ,1010.03 ,247 ,0 ,17 ,27 ,31
405 ,Fri Nov 06 2020 15:18:59 GMT+0100 (GMT+01:00) ,50.280188 ,18.698132 ,0 ,1.4 ,5.2 ,1009.98 ,245 ,0 ,17 ,27 ,31
406 ,Fri Nov 06 2020 15:19:00 GMT+0100 (GMT+01:00) ,50.280188 ,18.698132 ,0 ,1.4 ,5.2 ,1009.98 ,245 ,0 ,17 ,27 ,31
408 ,Fri Nov 06 2020 15:19:04 GMT+0100 (GMT+01:00) ,50.280188 ,18.698132 ,0 ,1.4 ,5.2 ,1010 ,269 ,0 ,17 ,27 ,31
409 ,Fri Nov 06 2020 15:19:06 GMT+0100 (GMT+01:00) ,50.280188 ,18.698132 ,0 ,1.4 ,5.2 ,1010.23 ,277 ,0 ,17 ,27 ,31
410 ,Fri Nov 06 2020 15:19:10 GMT+0100 (GMT+01:00) ,50.280188 ,18.698132 ,0 ,1.4 ,5.2 ,1010.11 ,267 ,0 ,17 ,27 ,31
411 ,Fri Nov 06 2020 15:19:12 GMT+0100 (GMT+01:00) ,50.280188 ,18.698132 ,0 ,1.4 ,5.3 ,1010.13 ,264 ,0 ,17 ,27 ,31
412 ,Fri Nov 06 2020 15:19:15 GMT+0100 (GMT+01:00) ,50.280188 ,18.698132 ,0 ,1.4 ,5.3 ,1010.13 ,273 ,0 ,17 ,27 ,31
413 ,Fri Nov 06 2020 15:19:20 GMT+0100 (GMT+01:00) ,50.280188 ,18.698132 ,0 ,1.4 ,5.4 ,1010.04 ,281 ,0 ,17 ,27 ,31
414 ,Fri Nov 06 2020 15:19:25 GMT+0100 (GMT+01:00) ,50.280188 ,18.698132 ,0 ,1.4 ,5.4 ,1010.09 ,280 ,0 ,17 ,27 ,31
415 ,Fri Nov 06 2020 15:19:39 GMT+0100 (GMT+01:00) ,50.280184 ,18.698128 ,0 ,1.4 ,5.7 ,1010.19 ,278 ,0 ,17 ,27 ,31
416 ,Fri Nov 06 2020 15:19:40 GMT+0100 (GMT+01:00) ,50.280184 ,18.698128 ,0 ,1.4 ,5.7 ,1010.19 ,278 ,0 ,17 ,27 ,31
417 ,Fri Nov 06 2020 15:19:46 GMT+0100 (GMT+01:00) ,50.280184 ,18.698128 ,0 ,1.4 ,5.6 ,1010.17 ,270 ,0 ,17 ,27 ,31
418 ,Fri Nov 06 2020 15:19:52 GMT+0100 (GMT+01:00) ,50.280184 ,18.698128 ,0 ,0 ,0 ,1010.11 ,262 ,0 ,17 ,27 ,31
419 ,Fri Nov 06 2020 15:19:55 GMT+0100 (GMT+01:00) ,50.280184 ,18.698128 ,0 ,1.5 ,5.7 ,1010.17 ,255 ,0 ,17 ,27 ,31
420 ,Fri Nov 06 2020 15:20:01 GMT+0100 (GMT+01:00) ,50.280184 ,18.698128 ,0 ,1.5 ,5.7 ,1010.22 ,256 ,0 ,17 ,27 ,31
421 ,Fri Nov 06 2020 15:20:03 GMT+0100 (GMT+01:00) ,50.280184 ,18.698128 ,0 ,1.5 ,5.7 ,1010.21 ,258 ,0 ,17 ,27 ,31
422 ,Fri Nov 06 2020 15:20:07 GMT+0100 (GMT+01:00) ,50.280184 ,18.698128 ,0 ,1.5 ,5.6 ,1010.19 ,257 ,0 ,17 ,27 ,31
423 ,Fri Nov 06 2020 15:20:10 GMT+0100 (GMT+01:00) ,5.028014 ,18.698128 ,0 ,1.5 ,5.6 ,1010.25 ,262 ,0 ,17 ,27 ,31
424 ,Fri Nov 06 2020 15:20:12 GMT+0100 (GMT+01:00) ,50.280184 ,18.698128 ,0 ,1.5 ,5.5 ,1010.16 ,268 ,0 ,17 ,27 ,31
425 ,Fri Nov 06 2020 15:20:14 GMT+0100 (GMT+01:00) ,50.280184 ,18.698128 ,0 ,1.5 ,5.5 ,1010.12 ,296 ,0 ,17 ,27 ,31
426 ,Fri Nov 06 2020 15:20:16 GMT+0100 (GMT+01:00) ,50.280184 ,18.698128 ,0 ,1.5 ,5.5 ,1010.12 ,301 ,0 ,17 ,27 ,31
427 ,Fri Nov 06 2020 15:20:21 GMT+0100 (GMT+01:00) ,50.280184 ,18.698128 ,0 ,1.5 ,5.5 ,1009.99 ,285 ,0 ,17 ,27 ,31
428 ,Fri Nov 06 2020 15:21:04 GMT+0100 (GMT+01:00) ,50.280184 ,18.698128 ,0 ,1.5 ,5.8 ,1009.93 ,245 ,0 ,17 ,27 ,31
429 ,Fri Nov 06 2020 15:21:07 GMT+0100 (GMT+01:00) ,50.280184 ,18.698128 ,0 ,1.5 ,5.8 ,1010.1 ,251 ,0 ,17 ,27 ,31
430 ,Fri Nov 06 2020 15:21:11 GMT+0100 (GMT+01:00) ,50.280184 ,18.698128 ,0 ,1.5 ,5.6 ,1010.15 ,234 ,0 ,17 ,27 ,31
431 ,Fri Nov 06 2020 15:21:19 GMT+0100 (GMT+01:00) ,50.280184 ,18.698128 ,0 ,1.5 ,5.5 ,1010.07 ,264 ,0 ,17 ,27 ,31
432 ,Fri Nov 06 2020 15:21:28 GMT+0100 (GMT+01:00) ,50.280184 ,18.698128 ,0 ,1.5 ,5.5 ,1009.86 ,241 ,0 ,17 ,27 ,31
433 ,Fri Nov 06 2020 15:21:32 GMT+0100 (GMT+01:00) ,50.280184 ,18.698128 ,0 ,1.5 ,5.5 ,1009.93 ,280 ,0 ,17 ,27 ,31
434 ,Fri Nov 06 2020 15:21:35 GMT+0100 (GMT+01:00) ,50.280184 ,18.698128 ,0 ,1.5 ,5.5 ,1009.83 ,280 ,0 ,17 ,27 ,31
435 ,Fri Nov 06 2020 15:21:37 GMT+0100 (GMT+01:00) ,50.280184 ,18.698128 ,0 ,1.5 ,5.5 ,1009.85 ,275 ,0 ,17 ,27 ,31
436 ,Fri Nov 06 2020 15:21:47 GMT+0100 (GMT+01:00) ,50.280184 ,18.698128 ,0 ,1.5 ,5.4 ,1009.89 ,272 ,0 ,17 ,27 ,31
437 ,Fri Nov 06 2020 15:21:49 GMT+0100 (GMT+01:00) ,50.280184 ,18.698128 ,0 ,1.5 ,5.4 ,1009.85 ,272 ,0 ,17 ,27 ,31
438 ,Fri Nov 06 2020 15:21:50 GMT+0100 (GMT+01:00) ,50.280184 ,18.698128 ,0 ,1.5 ,5.4 ,1009.85 ,272 ,0 ,17 ,27 ,31
439 ,Fri Nov 06 2020 15:21:59 GMT+0100 (GMT+01:00) ,50.280184 ,18.698128 ,0 ,1.5 ,5.4 ,1009.93 ,274 ,0 ,17 ,27 ,31
440 ,Fri Nov 06 2020 15:22:03 GMT+0100 (GMT+01:00) ,50.280184 ,18.698128 ,0 ,1.5 ,5.4 ,1009.81 ,274 ,0 ,17 ,27 ,31
441 ,Fri Nov 06 2020 15:22:12 GMT+0100 (GMT+01:00) ,50.280196 ,18.698152 ,0 ,1.5 ,5.4 ,1009.77 ,273 ,0 ,17 ,27 ,31
442 ,Fri Nov 06 2020 15:22:14 GMT+0100 (GMT+01:00) ,50.280196 ,18.698152 ,0 ,1.5 ,5.4 ,1009.8 ,274 ,0 ,17 ,27 ,31
443 ,Fri Nov 06 2020 15:22:17 GMT+0100 (GMT+01:00) ,50.280196 ,18.698152 ,0 ,1.5 ,5.4 ,1009.84 ,273 ,0 ,17 ,27 ,31
444 ,Fri Nov 06 2020 15:22:19 GMT+0100 (GMT+01:00) ,50.280196 ,18.698152 ,0 ,1.5 ,5.5 ,1009.85 ,273 ,0 ,17 ,27 ,31
445 ,Fri Nov 06 2020 15:22:21 GMT+0100 (GMT+01:00) ,50.280196 ,18.698152 ,0 ,1.5 ,5.5 ,1009.8 ,273 ,0 ,17 ,27 ,31
446 ,Fri Nov 06 2020 15:22:22 GMT+0100 (GMT+01:00) ,50.280196 ,18.698152 ,0 ,1.5 ,5.5 ,1009.81 ,272 ,0 ,17 ,27 ,31
447 ,Fri Nov 06 2020 15:22:25 GMT+0100 (GMT+01:00) ,50.280196 ,18.698152 ,0 ,1.5 ,5.5 ,1009.88 ,272 ,0 ,17 ,27 ,31
448 ,Fri Nov 06 2020 15:22:27 GMT+0100 (GMT+01:00) ,50.280196 ,18.698152 ,0 ,1.5 ,5.5 ,1009.86 ,271 ,0 ,17 ,27 ,31
449 ,Fri Nov 06 2020 15:22:33 GMT+0100 (GMT+01:00) ,50.280196 ,18.698152 ,0 ,1.5 ,5.5 ,1009.77 ,270 ,0 ,17 ,27 ,31
450 ,Fri Nov 06 2020 15:22:35 GMT+0100 (GMT+01:00) ,50.280196 ,18.698152 ,0 ,1.5 ,5.5 ,1009.8 ,271 ,0 ,17 ,27 ,31
451 ,Fri Nov 06 2020 15:22:37 GMT+0100 (GMT+01:00) ,50.280196 ,18.698152 ,0 ,1.5 ,5.5 ,1009.84 ,270 ,0 ,17 ,27 ,31
452 ,Fri Nov 06 2020 15:22:45 GMT+0100 (GMT+01:00) ,50.280196 ,18.698152 ,0 ,1.5 ,5.5 ,1009.76 ,268 ,0 ,17 ,27 ,31
453 ,Fri Nov 06 2020 15:22:47 GMT+0100 (GMT+01:00) ,50.280196 ,18.698152 ,0 ,1.5 ,5.5 ,1009.73 ,269 ,0 ,17 ,27 ,31
454 ,Fri Nov 06 2020 15:22:57 GMT+0100 (GMT+01:00) ,50.280196 ,18.698152 ,0 ,1.5 ,5.4 ,1009.71 ,269 ,0 ,17 ,27 ,31
455 ,Fri Nov 06 2020 15:22:59 GMT+0100 (GMT+01:00) ,50.280196 ,18.698152 ,0 ,1.5 ,5.4 ,1009.73 ,268 ,0 ,17 ,27 ,31
456 ,Fri Nov 06 2020 15:23:01 GMT+0100 (GMT+01:00) ,50.280196 ,18.698152 ,0 ,1.5 ,5.4 ,1009.78 ,269 ,0 ,17 ,27 ,31
457 ,Fri Nov 06 2020 15:23:02 GMT+0100 (GMT+01:00) ,50.280196 ,18.698152 ,0 ,1.5 ,5.4 ,1009.78 ,269 ,0 ,17 ,27 ,31
458 ,Fri Nov 06 2020 15:23:54 GMT+0100 (GMT+01:00) ,50.280196 ,18.698132 ,0 ,1.5 ,5.4 ,1009.61 ,263 ,0 ,16 ,23 ,33
459 ,Fri Nov 06 2020 15:23:57 GMT+0100 (GMT+01:00) ,50.280196 ,18.698132 ,0 ,1.4 ,5.4 ,1009.49 ,253 ,0 ,16 ,23 ,33
460 ,Fri Nov 06 2020 15:23:58 GMT+0100 (GMT+01:00) ,50.280196 ,18.698132 ,0 ,1.4 ,5.4 ,1009.63 ,253 ,0 ,16 ,23 ,33
461 ,Fri Nov 06 2020 15:24:00 GMT+0100 (GMT+01:00) ,50.280196 ,18.698132 ,0 ,1.4 ,5.4 ,1009.58 ,248 ,0 ,16 ,23 ,33
462 ,Fri Nov 06 2020 15:24:03 GMT+0100 (GMT+01:00) ,50.280196 ,18.698132 ,0 ,1.4 ,5.4 ,1009.52 ,250 ,0 ,16 ,23 ,33
463 ,Fri Nov 06 2020 15:24:04 GMT+0100 (GMT+01:00) ,50.280196 ,18.698132 ,0 ,1.4 ,5.4 ,1009.48 ,250 ,0 ,16 ,23 ,33
464 ,Fri Nov 06 2020 15:24:08 GMT+0100 (GMT+01:00) ,50.280196 ,18.698132 ,0 ,1.4 ,5.5 ,1009.57 ,251 ,0 ,16 ,23 ,33
465 ,Fri Nov 06 2020 15:24:11 GMT+0100 (GMT+01:00) ,50.280196 ,18.698132 ,0 ,1.4 ,5.5 ,1009.56 ,253 ,0 ,16 ,23 ,33
466 ,Fri Nov 06 2020 15:24:14 GMT+0100 (GMT+01:00) ,50.280196 ,18.698132 ,0 ,1.4 ,5.5 ,1009.43 ,253 ,0 ,16 ,23 ,33
467 ,Fri Nov 06 2020 15:24:17 GMT+0100 (GMT+01:00) ,50.280196 ,18.698132 ,0 ,1.4 ,5.6 ,1009.45 ,253 ,0 ,16 ,23 ,33
468 ,Fri Nov 06 2020 15:24:19 GMT+0100 (GMT+01:00) ,50.280196 ,18.698132 ,0 ,1.4 ,5.6 ,1009.55 ,251 ,0 ,16 ,23 ,33
469 ,Fri Nov 06 2020 15:24:20 GMT+0100 (GMT+01:00) ,50.280196 ,18.698132 ,0 ,1.4 ,5.6 ,1009.55 ,249 ,0 ,16 ,23 ,33
470 ,Fri Nov 06 2020 15:24:21 GMT+0100 (GMT+01:00) ,50.280196 ,18.698132 ,0 ,1.4 ,5.6 ,1009.51 ,251 ,0 ,16 ,23 ,33
471 ,Fri Nov 06 2020 15:24:23 GMT+0100 (GMT+01:00) ,50.280196 ,18.698132 ,0 ,1.4 ,5.6 ,1009.48 ,251 ,0 ,16 ,23 ,33
472 ,Fri Nov 06 2020 15:24:26 GMT+0100 (GMT+01:00) ,50.280196 ,18.698132 ,0 ,1.4 ,5.6 ,1009.45 ,253 ,0 ,16 ,23 ,33
473 ,Fri Nov 06 2020 15:24:29 GMT+0100 (GMT+01:00) ,50.280196 ,18.698132 ,0 ,1.4 ,5.6 ,1009.49 ,250 ,0 ,16 ,23 ,33
474 ,Fri Nov 06 2020 15:24:32 GMT+0100 (GMT+01:00) ,50.280196 ,18.698132 ,0 ,1.4 ,5.6 ,1009.48 ,251 ,0 ,16 ,23 ,33
475 ,Fri Nov 06 2020 15:24:34 GMT+0100 (GMT+01:00) ,50.280196 ,18.698132 ,0 ,1.4 ,5.6 ,1009.42 ,250 ,0 ,16 ,23 ,33
476 ,Fri Nov 06 2020 15:24:37 GMT+0100 (GMT+01:00) ,50.280196 ,18.698132 ,0 ,1.4 ,5.7 ,1009.59 ,249 ,0 ,16 ,23 ,33
477 ,Fri Nov 06 2020 15:24:40 GMT+0100 (GMT+01:00) ,50.280196 ,18.698132 ,0 ,1.4 ,5.7 ,1009.48 ,251 ,0 ,16 ,23 ,33
478 ,Fri Nov 06 2020 15:24:43 GMT+0100 (GMT+01:00) ,50.280196 ,18.698132 ,0 ,1.4 ,5.7 ,1009.5 ,251 ,0 ,16 ,23 ,33
479 ,Fri Nov 06 2020 15:24:45 GMT+0100 (GMT+01:00) ,50.280196 ,18.698132 ,0 ,1.5 ,5.7 ,1009.53 ,251 ,0 ,16 ,23 ,33
480 ,Fri Nov 06 2020 15:24:48 GMT+0100 (GMT+01:00) ,50.280196 ,18.698132 ,0 ,1.5 ,5.7 ,1010.01 ,252 ,0 ,16 ,23 ,33
481 ,Fri Nov 06 2020 15:24:51 GMT+0100 (GMT+01:00) ,50.280196 ,18.698132 ,0 ,1.5 ,5.7 ,1009.53 ,250 ,0 ,16 ,23 ,33
482 ,Fri Nov 06 2020 15:24:53 GMT+0100 (GMT+01:00) ,50.280196 ,18.698132 ,0 ,1.5 ,5.6 ,1009.42 ,250 ,0 ,16 ,23 ,33
483 ,Fri Nov 06 2020 15:24:56 GMT+0100 (GMT+01:00) ,50.280196 ,18.698132 ,0 ,1.5 ,5.6 ,1009.46 ,251 ,0 ,16 ,23 ,33
484 ,Fri Nov 06 2020 15:24:57 GMT+0100 (GMT+01:00) ,50.280196 ,18.698132 ,0 ,1.5 ,5.6 ,1009.44 ,249 ,0 ,16 ,23 ,33
485 ,Fri Nov 06 2020 15:24:58 GMT+0100 (GMT+01:00) ,50.280196 ,18.698132 ,0 ,1.5 ,5.6 ,1009.37 ,249 ,0 ,16 ,23 ,33
486 ,Fri Nov 06 2020 15:25:00 GMT+0100 (GMT+01:00) ,50.280196 ,18.698132 ,0 ,1.5 ,5.6 ,1009.35 ,254 ,0 ,16 ,23 ,33
487 ,Fri Nov 06 2020 15:25:01 GMT+0100 (GMT+01:00) ,50.280196 ,18.698132 ,0 ,1.5 ,5.6 ,1009.59 ,253 ,0 ,16 ,23 ,33
488 ,Fri Nov 06 2020 15:25:02 GMT+0100 (GMT+01:00) ,50.280196 ,18.698132 ,0 ,1.5 ,5.6 ,1009.59 ,253 ,0 ,16 ,23 ,33
489 ,Fri Nov 06 2020 15:25:03 GMT+0100 (GMT+01:00) ,50.280196 ,18.698132 ,0 ,1.5 ,5.7 ,1009.53 ,253 ,0 ,16 ,23 ,33
490 ,Fri Nov 06 2020 15:25:06 GMT+0100 (GMT+01:00) ,50.280196 ,18.698132 ,0 ,1.5 ,5.7 ,1010 ,252 ,0 ,16 ,23 ,33
491 ,Fri Nov 06 2020 15:25:09 GMT+0100 (GMT+01:00) ,50.280196 ,18.698132 ,0 ,1.5 ,5.7 ,1009.99 ,289 ,0 ,16 ,23 ,33
492 ,Fri Nov 06 2020 15:25:13 GMT+0100 (GMT+01:00) ,50.280196 ,18.698132 ,0 ,1.5 ,5.6 ,1009.5 ,277 ,0 ,16 ,23 ,33
493 ,Fri Nov 06 2020 15:25:14 GMT+0100 (GMT+01:00) ,50.280196 ,18.698132 ,0 ,1.5 ,5.6 ,1009.48 ,270 ,0 ,16 ,23 ,33
494 ,Fri Nov 06 2020 15:25:19 GMT+0100 (GMT+01:00) ,50.280196 ,18.698132 ,0 ,1.5 ,5.6 ,1009.93 ,258 ,0 ,16 ,23 ,33
495 ,Fri Nov 06 2020 15:25:20 GMT+0100 (GMT+01:00) ,50.280196 ,18.698132 ,0 ,1.5 ,5.6 ,1009.5 ,254 ,0 ,16 ,23 ,33
496 ,Fri Nov 06 2020 15:25:21 GMT+0100 (GMT+01:00) ,50.280196 ,18.698132 ,0 ,1.5 ,5.6 ,1009.5 ,254 ,0 ,16 ,23 ,33
497 ,Fri Nov 06 2020 15:25:24 GMT+0100 (GMT+01:00) ,50.280196 ,18.698132 ,0 ,1.5 ,5.6 ,1009.53 ,252 ,0 ,16 ,23 ,33
498 ,Fri Nov 06 2020 15:25:27 GMT+0100 (GMT+01:00) ,50.280196 ,18.698132 ,0 ,1.5 ,5.6 ,1009.43 ,250 ,0 ,16 ,23 ,33
499 ,Fri Nov 06 2020 15:25:32 GMT+0100 (GMT+01:00) ,50.280196 ,18.698132 ,0 ,1.5 ,5.5 ,1010.07 ,250 ,0 ,16 ,23 ,33
500 ,Fri Nov 06 2020 15:25:34 GMT+0100 (GMT+01:00) ,50.280196 ,18.698132 ,0 ,1.5 ,5.5 ,1009.89 ,248 ,0 ,16 ,23 ,33
501 ,Fri Nov 06 2020 15:25:39 GMT+0100 (GMT+01:00) ,50.280196 ,18.698132 ,0 ,1.5 ,5.5 ,1009.65 ,250 ,0 ,16 ,23 ,33
502 ,Fri Nov 06 2020 15:25:40 GMT+0100 (GMT+01:00) ,50.280196 ,18.698132 ,0 ,1.5 ,5.5 ,1009.63 ,250 ,0 ,16 ,23 ,33
503 ,Fri Nov 06 2020 15:25:45 GMT+0100 (GMT+01:00) ,50.280196 ,18.698132 ,0 ,1.5 ,5.5 ,1009.57 ,249 ,0 ,16 ,23 ,33
504 ,Fri Nov 06 2020 15:25:49 GMT+0100 (GMT+01:00) ,50.280196 ,18.698132 ,0 ,1.5 ,5.5 ,1009.63 ,250 ,0 ,16 ,23 ,33
505 ,Fri Nov 06 2020 15:25:52 GMT+0100 (GMT+01:00) ,50.280196 ,18.698132 ,0 ,1.5 ,5.5 ,1009.84 ,250 ,0 ,16 ,23 ,33
506 ,Fri Nov 06 2020 15:25:55 GMT+0100 (GMT+01:00) ,50.280196 ,18.698132 ,0 ,1.5 ,5.5 ,1010.01 ,249 ,0 ,16 ,23 ,33
507 ,Fri Nov 06 2020 15:26:02 GMT+0100 (GMT+01:00) ,50.280196 ,18.698132 ,0 ,1.5 ,5.5 ,1010.02 ,256 ,0 ,16 ,23 ,33
508 ,Fri Nov 06 2020 15:26:05 GMT+0100 (GMT+01:00) ,50.280196 ,18.698132 ,0 ,1.5 ,5.5 ,1009.44 ,258 ,0 ,16 ,23 ,33
509 ,Fri Nov 06 2020 15:26:08 GMT+0100 (GMT+01:00) ,50.280196 ,18.698132 ,0 ,1.5 ,5.6 ,1009.45 ,273 ,0 ,16 ,23 ,33
510 ,Fri Nov 06 2020 15:26:11 GMT+0100 (GMT+01:00) ,50.280196 ,18.698132 ,0 ,1.5 ,5.6 ,1009.44 ,309 ,0 ,16 ,23 ,33
511 ,Fri Nov 06 2020 15:26:12 GMT+0100 (GMT+01:00) ,50.280196 ,18.698132 ,0 ,1.5 ,5.6 ,1009.44 ,309 ,0 ,16 ,23 ,33
512 ,Fri Nov 06 2020 15:26:13 GMT+0100 (GMT+01:00) ,50.280196 ,18.698132 ,0 ,1.5 ,5.6 ,1009.39 ,309 ,0 ,16 ,23 ,33
513 ,Fri Nov 06 2020 15:26:16 GMT+0100 (GMT+01:00) ,50.280196 ,18.698132 ,0 ,1.5 ,5.6 ,1009.38 ,284 ,0 ,16 ,23 ,33
514 ,Fri Nov 06 2020 15:26:17 GMT+0100 (GMT+01:00) ,50.280196 ,18.698132 ,0 ,1.5 ,5.6 ,1009.38 ,284 ,0 ,16 ,23 ,33
515 ,Fri Nov 06 2020 15:26:20 GMT+0100 (GMT+01:00) ,50.280196 ,18.698132 ,0 ,1.5 ,5.5 ,1009.41 ,283 ,0 ,16 ,23 ,33
516 ,Fri Nov 06 2020 15:26:25 GMT+0100 (GMT+01:00) ,50.280196 ,18.698132 ,0 ,1.5 ,5.5 ,1009.38 ,263 ,0 ,16 ,23 ,33
517 ,Fri Nov 06 2020 15:26:27 GMT+0100 (GMT+01:00) ,50.280196 ,18.698132 ,0 ,1.5 ,5.5 ,1009.38 ,260 ,0 ,16 ,23 ,33
518 ,Fri Nov 06 2020 15:26:30 GMT+0100 (GMT+01:00) ,50.280196 ,18.698132 ,0 ,1.5 ,5.4 ,1009.45 ,256 ,0 ,16 ,23 ,33
519 ,Fri Nov 06 2020 15:26:32 GMT+0100 (GMT+01:00) ,50.280196 ,18.698132 ,0 ,1.5 ,5.4 ,1009.46 ,249 ,0 ,16 ,23 ,33
520 ,Fri Nov 06 2020 15:26:35 GMT+0100 (GMT+01:00) ,50.280196 ,18.698132 ,0 ,1.5 ,5.4 ,1009.5 ,248 ,0 ,16 ,23 ,33
521 ,Fri Nov 06 2020 15:26:38 GMT+0100 (GMT+01:00) ,50.280196 ,18.698132 ,0 ,1.5 ,5.3 ,1009.42 ,248 ,0 ,16 ,23 ,33
522 ,Fri Nov 06 2020 15:26:44 GMT+0100 (GMT+01:00) ,50.280184 ,18.698168 ,0 ,1.5 ,5.3 ,1009.45 ,248 ,0 ,16 ,23 ,33
523 ,Fri Nov 06 2020 15:26:47 GMT+0100 (GMT+01:00) ,50.280184 ,18.698168 ,0 ,1.5 ,5.3 ,1009.46 ,248 ,0 ,16 ,23 ,33
524 ,Fri Nov 06 2020 15:26:50 GMT+0100 (GMT+01:00) ,50.280184 ,18.698168 ,0 ,1.5 ,5.3 ,1009.44 ,248 ,0 ,16 ,23 ,33
525 ,Fri Nov 06 2020 15:26:53 GMT+0100 (GMT+01:00) ,50.280184 ,18.698168 ,0 ,1.5 ,5.3 ,1009.5 ,247 ,0 ,16 ,23 ,33
526 ,Fri Nov 06 2020 15:26:57 GMT+0100 (GMT+01:00) ,50.280184 ,18.698168 ,0 ,1.5 ,5.3 ,1009.5 ,247 ,0 ,16 ,23 ,33
527 ,Fri Nov 06 2020 15:27:00 GMT+0100 (GMT+01:00) ,50.280184 ,18.698168 ,0 ,1.5 ,5.3 ,1009.5 ,246 ,0 ,16 ,23 ,33
528 ,Fri Nov 06 2020 15:27:01 GMT+0100 (GMT+01:00) ,50.280184 ,18.698168 ,0 ,1.5 ,5.3 ,1009.53 ,247 ,0 ,16 ,23 ,33
529 ,Fri Nov 06 2020 15:27:02 GMT+0100 (GMT+01:00) ,50.280184 ,18.698168 ,0 ,1.5 ,5.3 ,1009.51 ,246 ,0 ,16 ,23 ,33
530 ,Fri Nov 06 2020 15:27:10 GMT+0100 (GMT+01:00) ,50.280184 ,18.698168 ,0 ,1.5 ,5.3 ,1009.54 ,246 ,0 ,16 ,23 ,33
531 ,Fri Nov 06 2020 15:27:11 GMT+0100 (GMT+01:00) ,50.280184 ,18.698168 ,0 ,1.5 ,5.3 ,1009.52 ,246 ,0 ,16 ,23 ,33
532 ,Fri Nov 06 2020 15:27:15 GMT+0100 (GMT+01:00) ,50.280184 ,18.698168 ,0 ,1.5 ,5.3 ,1009.57 ,247 ,0 ,16 ,23 ,33
533 ,Fri Nov 06 2020 15:27:20 GMT+0100 (GMT+01:00) ,50.280184 ,18.698168 ,0 ,1.5 ,5.4 ,1009.57 ,248 ,0 ,16 ,23 ,33
534 ,Fri Nov 06 2020 15:27:21 GMT+0100 (GMT+01:00) ,50.280184 ,18.698168 ,0 ,1.5 ,5.4 ,1009.57 ,248 ,0 ,16 ,23 ,33
535 ,Fri Nov 06 2020 15:27:24 GMT+0100 (GMT+01:00) ,50.280184 ,18.698168 ,0 ,1.5 ,5.4 ,1009.57 ,248 ,0 ,16 ,23 ,33
536 ,Fri Nov 06 2020 15:27:25 GMT+0100 (GMT+01:00) ,50.280184 ,18.698168 ,0 ,1.5 ,5.4 ,1009.57 ,248 ,0 ,16 ,23 ,33
537 ,Fri Nov 06 2020 15:27:28 GMT+0100 (GMT+01:00) ,50.280184 ,18.698168 ,0 ,0 ,0 ,1009.54 ,248 ,0 ,16 ,23 ,33
538 ,Fri Nov 06 2020 15:27:31 GMT+0100 (GMT+01:00) ,50.280184 ,18.698168 ,0 ,1.5 ,5.4 ,1009.57 ,248 ,0 ,16 ,23 ,33
539 ,Fri Nov 06 2020 15:27:33 GMT+0100 (GMT+01:00) ,50.280184 ,18.698168 ,0 ,1.5 ,5.4 ,1009.56 ,249 ,0 ,16 ,23 ,33
540 ,Fri Nov 06 2020 15:27:35 GMT+0100 (GMT+01:00) ,50.280184 ,18.698168 ,0 ,1.5 ,5.5 ,1009.44 ,250 ,0 ,16 ,23 ,33
541 ,Fri Nov 06 2020 15:27:36 GMT+0100 (GMT+01:00) ,50.280184 ,18.698168 ,0 ,1.5 ,5.5 ,1009.44 ,250 ,0 ,16 ,23 ,33
542 ,Fri Nov 06 2020 15:27:39 GMT+0100 (GMT+01:00) ,50.280184 ,18.698168 ,0 ,1.5 ,5.5 ,1009.47 ,249 ,0 ,16 ,23 ,33
543 ,Fri Nov 06 2020 15:27:40 GMT+0100 (GMT+01:00) ,50.280184 ,18.698168 ,0 ,1.5 ,5.5 ,1009.49 ,248 ,0 ,16 ,23 ,33
544 ,Fri Nov 06 2020 15:27:45 GMT+0100 (GMT+01:00) ,50.280184 ,18.698168 ,0 ,1.5 ,5.5 ,1009.46 ,249 ,0 ,16 ,23 ,33
545 ,Fri Nov 06 2020 15:27:49 GMT+0100 (GMT+01:00) ,50.280184 ,18.698168 ,0 ,1.5 ,5.4 ,1009.53 ,248 ,0 ,16 ,23 ,33
546 ,Fri Nov 06 2020 15:27:52 GMT+0100 (GMT+01:00) ,50.280184 ,18.698168 ,0 ,1.5 ,5.4 ,1009.49 ,249 ,0 ,16 ,23 ,33
547 ,Fri Nov 06 2020 15:27:53 GMT+0100 (GMT+01:00) ,50.280184 ,18.698168 ,0 ,1.5 ,5.4 ,1009.48 ,248 ,0 ,16 ,23 ,33
548 ,Fri Nov 06 2020 15:27:56 GMT+0100 (GMT+01:00) ,50.280184 ,18.698168 ,0 ,1.5 ,5.4 ,1009.4 ,248 ,0 ,16 ,23 ,33
549 ,Fri Nov 06 2020 15:27:57 GMT+0100 (GMT+01:00) ,50.280184 ,18.698168 ,0 ,1.5 ,5.4 ,1009.4 ,248 ,0 ,16 ,23 ,33
550 ,Fri Nov 06 2020 15:28:00 GMT+0100 (GMT+01:00) ,50.280184 ,18.698168 ,0 ,1.5 ,5.4 ,1009.4 ,249 ,0 ,16 ,23 ,33
551 ,Fri Nov 06 2020 15:28:03 GMT+0100 (GMT+01:00) ,50.280184 ,18.698168 ,0 ,1.5 ,5.4 ,1009.44 ,249 ,0 ,16 ,23 ,33
552 ,Fri Nov 06 2020 15:28:04 GMT+0100 (GMT+01:00) ,50.280184 ,18.698168 ,0 ,1.5 ,5.4 ,1009.35 ,248 ,0 ,16 ,23 ,33
553 ,Fri Nov 06 2020 15:28:08 GMT+0100 (GMT+01:00) ,50.280184 ,18.698168 ,0 ,1.5 ,5.4 ,1009.31 ,248 ,0 ,16 ,23 ,33
554 ,Fri Nov 06 2020 15:28:11 GMT+0100 (GMT+01:00) ,50.280184 ,18.698168 ,0 ,1.5 ,5.4 ,1009.38 ,248 ,0 ,16 ,23 ,33
555 ,Fri Nov 06 2020 15:28:14 GMT+0100 (GMT+01:00) ,50.280184 ,18.698168 ,0 ,1.5 ,5.4 ,1009.4 ,249 ,0 ,16 ,23 ,33
556 ,Fri Nov 06 2020 15:28:18 GMT+0100 (GMT+01:00) ,50.280184 ,18.698168 ,0 ,1.5 ,5.4 ,1009.38 ,248 ,0 ,16 ,23 ,33
557 ,Fri Nov 06 2020 15:28:19 GMT+0100 (GMT+01:00) ,50.280184 ,18.698168 ,0 ,1.5 ,5.4 ,1009.37 ,248 ,0 ,16 ,23 ,33
558 ,Fri Nov 06 2020 15:28:23 GMT+0100 (GMT+01:00) ,50.280184 ,18.698168 ,0 ,1.5 ,5.3 ,1009.41 ,248 ,0 ,16 ,23 ,33
559 ,Fri Nov 06 2020 15:28:28 GMT+0100 (GMT+01:00) ,50.280184 ,18.698168 ,0 ,1.5 ,5.3 ,1009.45 ,249 ,0 ,16 ,23 ,33
560 ,Fri Nov 06 2020 15:28:31 GMT+0100 (GMT+01:00) ,50.280184 ,18.698168 ,0 ,1.5 ,5.3 ,1009.4 ,249 ,0 ,16 ,23 ,33
561 ,Fri Nov 06 2020 15:28:34 GMT+0100 (GMT+01:00) ,50.280184 ,18.698168 ,0 ,1.5 ,5.3 ,1009.43 ,248 ,0 ,16 ,23 ,33
562 ,Fri Nov 06 2020 15:28:38 GMT+0100 (GMT+01:00) ,50.280184 ,18.698168 ,0 ,1.5 ,5.3 ,1009.43 ,248 ,0 ,16 ,23 ,33
563 ,Fri Nov 06 2020 15:28:41 GMT+0100 (GMT+01:00) ,50.280184 ,18.698168 ,0 ,1.5 ,5.3 ,1009.5 ,248 ,0 ,16 ,23 ,33
564 ,Fri Nov 06 2020 15:28:44 GMT+0100 (GMT+01:00) ,50.280184 ,18.698168 ,0 ,1.5 ,5.2 ,1009.52 ,249 ,0 ,16 ,23 ,33
565 ,Fri Nov 06 2020 15:28:47 GMT+0100 (GMT+01:00) ,50.280184 ,18.698168 ,0 ,1.5 ,5.2 ,1009.51 ,249 ,0 ,16 ,23 ,33
566 ,Fri Nov 06 2020 15:28:49 GMT+0100 (GMT+01:00) ,50.280184 ,18.698168 ,0 ,1.5 ,5.2 ,1009.51 ,247 ,0 ,16 ,23 ,33
567 ,Fri Nov 06 2020 15:28:54 GMT+0100 (GMT+01:00) ,50.280184 ,18.698168 ,0 ,1.5 ,5.2 ,1009.45 ,248 ,0 ,16 ,23 ,33
568 ,Fri Nov 06 2020 15:28:55 GMT+0100 (GMT+01:00) ,50.280184 ,18.698168 ,0 ,1.5 ,5.2 ,1009.48 ,248 ,0 ,16 ,23 ,33
569 ,Fri Nov 06 2020 15:28:59 GMT+0100 (GMT+01:00) ,50.280184 ,18.698168 ,0 ,1.5 ,5.2 ,1009.48 ,247 ,0 ,16 ,23 ,33
570 ,Fri Nov 06 2020 15:29:02 GMT+0100 (GMT+01:00) ,50.280184 ,18.698168 ,0 ,1.5 ,5.2 ,1009.59 ,247 ,0 ,16 ,23 ,33
571 ,Fri Nov 06 2020 15:29:05 GMT+0100 (GMT+01:00) ,50.280184 ,18.698168 ,0 ,1.5 ,5.2 ,1009.6 ,246 ,0 ,16 ,23 ,33
572 ,Fri Nov 06 2020 15:29:09 GMT+0100 (GMT+01:00) ,50.280184 ,18.698168 ,0 ,1.5 ,5.2 ,1009.59 ,247 ,0 ,16 ,23 ,33
573 ,Fri Nov 06 2020 15:29:12 GMT+0100 (GMT+01:00) ,50.280184 ,18.698168 ,0 ,1.5 ,5.3 ,1009.79 ,198 ,0 ,16 ,23 ,33
574 ,Fri Nov 06 2020 15:29:13 GMT+0100 (GMT+01:00) ,50.280184 ,18.698168 ,0 ,1.5 ,5.3 ,1009.81 ,199 ,0 ,16 ,23 ,33
